time,A_1,course,lat,lot,speed,imuAx,imuAy,imuAz,imuCx,imuCy,imuCz,imuGx,imuGy,imuGz,T_1,P,A_2,Time_Data,NH3,CO,NO,C3H8,C4H10,CH4,H2,C2H5OH,T_3,RH,T_2
14:02:59,-203.4,21.21,6.225048,-75.285331,85.7,0.06,-0.01,0.99,20.21,13.48,58.3,-3.3,2.1,0.97,1980.0,67888.0,3252.32,132.165,0.01,0.0501,0.0034000000000000002,10.1404,6.4911,10.3422,0.009000000000000001,0.019299999999999998,19.43,74.86,20.75
14:02:59,-203.4,21.21,6.225048,-75.285331,85.7,-0.04,-0.17,1.11,20.8,12.89,58.59,-3.66,-1.42,1.43,2020.0,67897.0,3251.29,156.481,0.0086,0.044500000000000005,0.0034999999999999996,8.1372,5.3847000000000005,6.6707,0.0075,0.0165,19.85,74.13,21.0
14:02:59,-203.4,21.21,6.225048,-75.285331,85.7,-0.06,-0.06,1.15,19.92,13.18,58.3,-4.46,-0.4,1.34,2050.0,67816.0,3260.61,181.155,0.0077,0.0417,0.0036,6.872999999999999,4.6655,5.2334000000000005,0.0068000000000000005,0.0152,20.23,73.39,21.37
14:02:59,-203.4,21.21,6.225048,-75.285331,85.7,0.07,-0.09,1.17,21.39,12.6,58.59,-0.48,2.49,0.85,2080.0,67942.0,3246.11,205.694,0.0068000000000000005,0.039,0.0037,5.7016,3.9811,4.0886000000000005,0.0060999999999999995,0.0139,20.6,72.53,21.75
14:02:59,-203.4,21.21,6.225048,-75.285331,85.7,-0.01,0.06,0.88,20.51,12.3,58.01,-7.8,2.27,-0.08,2110.0,67966.0,3243.35,229.993,0.0062,0.038,0.0039000000000000003,4.9565,3.5347000000000004,3.7137000000000002,0.0059,0.0134,20.93,71.8,22.0
14:02:59,-203.4,21.21,6.225048,-75.285331,85.7,0.11,-0.09,1.19,20.8,12.3,58.59,0.69,1.62,1.37,2140.0,67875.0,3253.82,254.681,0.005699999999999999,0.0368,0.0039000000000000003,4.3638,3.1724,3.3057,0.005600000000000001,0.0129,21.25,71.02,22.37
14:05:25,3446.8,61.33,6.262734,-75.166738,166.62,0.03,-0.02,0.68,20.51,12.3,58.59,-4.22,3.58,2.33,2170.0,67906.0,3250.25,278.197,0.0052,0.0359,0.004,3.8084,2.8261000000000003,2.9976,0.0054,0.0124,21.57,70.22,22.62
14:05:49,3443.4,60.83,6.2718050000000005,-75.15050600000001,166.28,0.01,-0.04,0.87,20.8,12.01,59.47,-5.78,1.97,1.21,2200.0,67925.0,3248.06,301.94,0.0048,0.0349,0.0040999999999999995,3.3986,2.5657,2.7161,0.0052,0.012,21.85,69.42,23.0
14:06:12,3448.4,60.25,6.280354,-75.134919,165.61,-0.03,-0.11,0.85,21.09,12.3,58.01,-3.62,-0.56,1.24,2230.0,67909.0,3249.9,325.308,0.0045000000000000005,0.0345,0.0043,3.0672,2.3516999999999997,2.6104000000000003,0.0051,0.0118,22.12,68.65,23.12
14:06:36,3435.6,59.33,6.289755,-75.11890600000001,168.71,0.12,-0.07,1.11,20.21,12.3,59.18,-1.91,0.12,0.09,2250.0,67936.0,3246.8,349.157,0.0042,0.034,0.0043,2.7986,2.1756,2.459,0.0049,0.0116,22.39,67.9,23.37
14:07:00,3424.1,60.6,6.2992300000000006,-75.102663,167.55,0.04,0.02,0.77,20.51,12.6,58.3,-5.68,0.1,-0.98,2280.0,67948.0,3245.42,372.925,0.004,0.0336,0.0044,2.555,2.0138,2.3625,0.0049,0.011399999999999999,22.64,67.31,23.62
14:07:23,3433.2,60.6,6.307997,-75.086963,169.13,0.01,-0.15,1.21,20.51,12.01,58.59,-1.53,0.53,1.02,2300.0,67987.0,3240.93,396.293,0.0038,0.0333,0.0044,2.3338,1.8647,2.2695,0.0048,0.0113,22.84,66.8,23.87
14:07:47,3418.7,62.0,6.317113,-75.070419,169.24,0.01,0.05,0.88,21.09,11.72,58.59,-5.33,-0.46,-0.13,2320.0,67989.0,3240.7,420.141,0.0036,0.0331,0.0045000000000000005,2.1758,1.7569,2.2241999999999997,0.004699999999999999,0.011200000000000002,23.07,66.29,24.12
14:08:11,3420.0,60.97,6.326085,-75.053881,168.12,0.06,-0.21,1.29,19.92,12.6,58.3,-1.05,0.76,1.25,2340.0,67972.0,3242.66,443.892,0.0034000000000000002,0.0329,0.0046,2.0288999999999997,1.6557,2.1797999999999997,0.004699999999999999,0.0111,23.28,65.74,24.25
14:08:34,3431.8,60.93,6.334725,-75.03846300000001,164.12,0.06,0.16,0.76,21.09,11.43,57.71,-6.71,1.79,0.33,2360.0,67822.0,3259.92,467.258,0.0032,0.0322,0.0046,1.8551,1.5345,2.0101,0.0046,0.0108,23.48,65.16,24.5
14:08:58,3441.1,59.98,6.343891999999999,-75.0225,165.5,-0.03,-0.06,0.88,20.51,12.89,58.01,-3.62,-1.07,0.73,2380.0,67861.0,3255.43,491.122,0.0031,0.032400000000000005,0.0048,1.7479,1.4588999999999999,2.0513,0.0046,0.0109,23.66,64.64,24.62
14:09:22,3427.5,61.18,6.352812,-75.00635,165.65,0.17,0.01,0.85,21.09,12.01,56.84,-5.59,3.36,0.06,2390.0,67888.0,3252.32,514.871,0.003,0.032,0.0048,1.6471,1.3871,1.9694999999999998,0.0045000000000000005,0.010700000000000001,23.82,64.19,24.87
14:09:45,3418.6,60.69,6.361068,-74.990988,162.47,0.04,-0.13,1.28,20.51,11.72,57.42,1.12,0.1,0.4,2410.0,67819.0,3260.27,538.234,0.0029,0.0317,0.0049,1.537,1.308,1.8906999999999998,0.0044,0.0106,24.0,63.72,25.0
14:10:09,3409.5,59.38,6.370182,-74.975144,164.21,-0.03,0.07,0.57,20.51,12.3,57.71,-6.94,3.14,-0.4,2430.0,67866.0,3254.86,562.097,0.0028000000000000004,0.032,0.0049,1.4922,1.2755,1.9694999999999998,0.0045000000000000005,0.010700000000000001,24.14,63.3,25.25
14:10:33,3414.3,59.98,6.379365,-74.959413,161.54,-0.02,0.15,0.61,21.39,12.01,58.3,-6.38,2.94,0.5,2440.0,67804.0,3262.0,585.837,0.0027,0.0317,0.005,1.3925999999999998,1.2028,1.8906999999999998,0.0044,0.0106,24.3,62.88,25.37
14:10:56,3441.9,60.69,6.387708,-74.9443,160.28,0.07,-0.03,1.16,20.51,12.01,57.13,-2.04,-0.31,0.53,2460.0,67764.0,3266.61,609.198,0.0026,0.0317,0.005,1.3388,1.1633,1.8906999999999998,0.0044,0.0106,24.47,62.43,25.5
14:11:20,3454.7,57.72,6.396828,-74.92885,160.81,0.15,-0.12,1.02,21.68,12.89,58.3,-1.31,0.5,0.42,2470.0,67755.0,3267.65,633.079,0.0025,0.0315,0.0052,1.2744,1.1156,1.8524,0.0044,0.0105,24.59,62.0,25.62
14:11:44,3431.6,56.74,6.406691,-74.913688,163.55,-0.11,0.07,0.98,20.8,12.89,57.71,-6.99,0.33,-1.73,2480.0,67874.0,3253.93,656.827,0.0025,0.0317,0.0052,1.2252,1.0789,1.8906999999999998,0.0044,0.0106,24.73,61.63,25.75
14:12:07,3419.2,57.43,6.4161019999999995,-74.898931,164.74,0.12,-0.05,1.15,20.8,13.18,57.42,-0.72,0.57,1.99,2500.0,67933.0,3247.14,680.176,0.0024,0.0313,0.0053,1.1663,1.0347,1.8148,0.0044,0.0104,24.87,61.26,25.87
14:12:31,3433.0,59.01,6.4257599999999995,-74.88333100000001,162.95,0.09,-0.21,1.43,20.51,12.3,58.3,-0.72,0.72,0.62,2510.0,67899.0,3251.06,704.031,0.0023,0.0313,0.0053,1.1213,1.0007,1.8148,0.0044,0.0104,25.0,60.89,26.0
14:12:55,3441.8,62.66,6.434471,-74.8673,163.11,0.04,-0.09,1.13,21.39,11.13,57.42,0.34,1.3,0.64,2520.0,67914.0,3249.33,727.786,0.0023,0.0313,0.0054,1.078,0.9678,1.8148,0.0044,0.0104,25.11,60.49,26.12
14:13:18,3439.1,61.55,6.442532,-74.851938,161.03,0.11,0.02,1.01,21.09,11.72,58.01,-2.75,2.72,0.99,2530.0,67865.0,3254.97,751.083,0.0022,0.0311,0.0054,1.0364,0.9359999999999999,1.7778999999999998,0.0043,0.0103,25.23,60.11,26.25
14:13:42,3424.3,62.26,6.4513169999999995,-74.836063,162.65,0.05,-0.12,1.1,20.8,11.72,57.71,-6.6,0.79,0.08,2550.0,67919.0,3248.75,775.002,0.0021,0.031,0.0054,0.9963,0.9052,1.7416,0.0043,0.0103,25.34,59.76,26.37
14:14:06,3412.5,65.43,6.459233,-74.819819,161.74,-0.04,0.02,0.74,21.68,11.43,58.01,-6.71,-0.31,0.6,2560.0,67924.0,3248.18,798.757,0.0021,0.031,0.005600000000000001,0.9673,0.8826999999999999,1.7416,0.0043,0.0103,25.44,59.44,26.37
14:14:29,3435.1,63.0,6.46665,-74.804163,161.57,-0.01,-0.14,1.13,21.09,11.72,57.13,-5.15,1.16,1.11,2570.0,67900.0,3250.94,822.057,0.002,0.031,0.005600000000000001,0.9299,0.8536,1.7416,0.0043,0.0103,25.54,59.09,26.62
14:14:53,3441.7,59.33,6.4754,-74.788375,161.75,0.04,-0.05,0.73,20.51,12.6,58.3,-3.36,1.62,0.89,2580.0,67913.0,3249.44,845.974,0.002,0.0308,0.005699999999999999,0.9027,0.8325,1.706,0.0043,0.0102,25.64,58.77,26.75
14:15:17,3427.0,61.61,6.48451,-74.772706,160.65,0.04,-0.06,0.97,20.51,12.01,58.01,-3.8,1.42,0.32,2590.0,67905.0,3250.36,869.73,0.002,0.031,0.005699999999999999,0.8764,0.8118000000000001,1.7416,0.0043,0.0103,25.76,58.48,26.75
14:15:40,3421.7,62.11,6.492577,-74.757375,164.8,-0.02,0.02,0.58,20.51,11.43,57.71,-5.17,3.49,-0.28,2600.0,67954.0,3244.73,893.084,0.0019,0.0308,0.005699999999999999,0.8508,0.7916,1.706,0.0043,0.0102,25.84,58.15,26.87
14:16:04,3431.1,66.38,6.500645,-74.74109399999999,163.94,-0.05,-0.03,0.69,21.68,11.13,57.71,-6.32,0.14,-0.02,2600.0,67976.0,3242.2,916.959,0.0019,0.0308,0.0058,0.8259000000000001,0.7719,1.706,0.0043,0.0102,25.93,57.89,27.0
14:16:28,3434.2,63.0,6.508353,-74.724744,162.39,-0.07,-0.07,1.15,20.51,12.01,57.71,-1.83,0.73,0.75,2610.0,67930.0,3247.49,940.698,0.0019,0.031,0.0058,0.8098000000000001,0.7591,1.7416,0.0043,0.0103,26.03,57.59,27.12
14:16:51,3416.6,60.71,6.516593,-74.709456,162.09,0.06,-0.0,0.88,20.51,12.01,57.71,-7.46,-0.24,-1.27,2620.0,67971.0,3242.77,964.047,0.0018,0.031,0.0058,0.7861,0.7402,1.7416,0.0043,0.0103,26.11,57.36,27.0
14:17:15,3399.6,60.94,6.52538,-74.693475,163.9,0.08,0.1,1.07,20.8,12.3,57.13,-3.59,-1.06,0.85,2630.0,68032.0,3235.76,987.93,0.0018,0.030600000000000002,0.006,0.763,0.7217,1.6711,0.0042,0.0101,26.16,57.08,27.25
14:17:39,3411.6,61.0,6.534244999999999,-74.67751899999999,163.35,0.06,-0.01,0.9,21.09,13.18,58.59,-0.3,1.09,-1.02,2640.0,68051.0,3233.58,1011.684,0.0017000000000000001,0.0305,0.006,0.7333,0.6978,1.6368,0.0042,0.01,26.26,56.85,27.25
14:18:02,3426.0,59.19,6.542782,-74.662244,161.5,0.15,-0.08,1.16,20.8,12.3,56.84,-3.66,0.9,-0.36,2640.0,67979.0,3241.85,1035.025,0.0017000000000000001,0.0305,0.0060999999999999995,0.7189,0.6861,1.6368,0.0042,0.01,26.33,56.61,27.37
14:18:26,3423.4,56.4,6.552615,-74.64689399999999,162.99,0.08,0.0,1.3,20.21,13.48,57.42,-2.14,-0.32,1.73,2650.0,67995.0,3240.01,1058.899,0.0017000000000000001,0.030600000000000002,0.0060999999999999995,0.7118000000000001,0.6804000000000001,1.6711,0.0042,0.0101,26.43,56.44,27.5
14:18:50,3446.1,56.13,6.562663000000001,-74.631844,163.17,0.12,-0.17,1.34,20.51,14.06,58.3,-0.28,0.14,0.29,2660.0,68037.0,3235.18,1082.639,0.0017000000000000001,0.030299999999999997,0.0060999999999999995,0.6840999999999999,0.6578,1.6032,0.0040999999999999995,0.01,26.53,56.2,27.5
14:19:13,3425.0,57.59,6.572323,-74.61725,161.62,0.03,-0.01,1.18,20.51,13.48,57.71,-0.91,1.17,2.2,2670.0,68023.0,3236.79,1105.992,0.0016,0.0301,0.0062,0.6639,0.6413,1.5702,0.0040999999999999995,0.009899999999999999,26.59,55.93,27.62
14:19:37,3418.1,61.84,6.581392999999999,-74.601538,161.44,0.1,-0.06,1.22,20.21,12.01,56.54,-4.52,-1.49,-0.12,2680.0,68047.0,3234.03,1129.886,0.0016,0.0301,0.0062,0.6507999999999999,0.6305,1.5702,0.0040999999999999995,0.009899999999999999,26.69,55.76,27.75
14:20:01,3431.9,64.53,6.589478,-74.585256,163.89,0.13,0.06,0.92,20.51,11.72,57.13,0.3,2.33,0.43,2680.0,68054.0,3233.23,1153.622,0.0016,0.0301,0.0062,0.6379,0.6199,1.5702,0.004,0.0096,26.78,55.52,27.87
14:20:24,3374.7,64.54,6.596941,-74.568919,170.55,-0.13,0.08,0.54,20.51,11.72,56.84,-4.77,0.18,2.43,2690.0,68469.0,3185.66,1176.969,0.0016,0.0301,0.0064,0.6253,0.6095,1.5702,0.0040999999999999995,0.009899999999999999,26.87,55.35,27.87
14:20:48,3309.7,64.14,6.605395,-74.551375,174.36,0.08,-0.05,1.07,20.8,11.72,57.13,-1.04,4.23,2.45,2700.0,68922.0,3134.01,1200.848,0.0015,0.0298,0.0064,0.6129,0.5992000000000001,1.506,0.004,0.0097,26.97,55.2,27.87
14:21:12,3264.8,61.38,6.614323,-74.534219,172.65,-0.03,-0.02,0.9,21.09,12.6,57.13,-3.81,1.89,1.97,2700.0,69212.0,3101.08,1224.597,0.0015,0.0301,0.0064,0.6068,0.5942000000000001,1.5702,0.0040999999999999995,0.009899999999999999,27.04,55.02,27.87
14:21:35,3225.0,61.43,6.6232809999999995,-74.51815,171.61,-0.04,-0.27,0.98,20.51,12.89,57.13,-1.18,1.76,0.53,2710.0,69552.0,3062.63,1247.929,0.0015,0.0301,0.006500000000000001,0.5948,0.5841,1.5702,0.0040999999999999995,0.009899999999999999,27.12,54.85,28.0
14:21:59,3175.5,61.64,6.632363000000001,-74.501044,173.62,0.15,-0.18,1.19,21.09,12.01,56.54,-3.15,2.03,0.79,2720.0,69955.0,3017.24,1271.823,0.0015,0.029900000000000003,0.006500000000000001,0.5771999999999999,0.5694,1.5378,0.0040999999999999995,0.0098,27.22,54.67,28.12
14:22:23,3128.7,59.41,6.642035000000001,-74.4844,173.37,0.06,-0.16,1.08,20.51,12.3,56.84,-5.42,-1.34,-0.21,2720.0,70276.0,2981.23,1295.559,0.0015,0.029900000000000003,0.006500000000000001,0.5657,0.5598,1.5378,0.0040999999999999995,0.0098,27.28,54.45,28.12
14:22:46,3095.5,61.12,6.651321,-74.468231,172.99,0.07,-0.17,1.22,20.8,13.18,57.71,-0.76,-0.11,-0.24,2730.0,70658.0,2938.56,1318.897,0.0015,0.029900000000000003,0.0067,0.5489,0.5456,1.3847,0.0039000000000000003,0.0095,27.36,54.28,28.25
14:23:10,3061.4,67.45,6.659641000000001,-74.450981,170.04,0.08,-0.18,1.27,21.09,11.13,57.13,-0.92,2.29,1.62,2740.0,70883.0,2913.52,1342.788,0.0014000000000000002,0.0298,0.0067,0.5434,0.541,1.506,0.004,0.0097,27.41,54.09,28.25
14:23:34,3023.6,67.75,6.666672,-74.433038,173.45,0.13,0.0,1.34,20.8,11.13,57.13,-1.87,0.81,0.11,2740.0,71344.0,2862.4,1366.535,0.0014000000000000002,0.0298,0.0067,0.5325,0.5318,1.506,0.004,0.0097,27.51,53.95,28.25
14:23:57,2994.1,63.19,6.674597,-74.41623100000001,172.92,0.02,-0.02,1.1,20.8,11.43,56.25,-6.03,-1.92,-0.76,2750.0,71652.0,2828.4,1389.877,0.0014000000000000002,0.0301,0.0068000000000000005,0.5325,0.5318,1.5702,0.0040999999999999995,0.009899999999999999,27.54,53.76,28.37
14:24:21,2970.1,60.17,6.683453999999999,-74.399431,169.32,-0.05,-0.18,0.98,20.8,12.01,56.25,-1.98,3.17,0.92,2750.0,71838.0,2807.92,1413.757,0.0014000000000000002,0.029900000000000003,0.0068000000000000005,0.5167,0.5183,1.5378,0.0040999999999999995,0.0098,27.61,53.64,28.5
14:24:45,2929.9,58.63,6.693166000000001,-74.383413,168.4,0.06,-0.03,0.84,21.09,12.3,56.54,-3.01,1.2,1.8,2760.0,72154.0,2773.23,1437.5,0.0014000000000000002,0.0296,0.0069,0.5012,0.5051,1.4747999999999999,0.004,0.0097,27.66,53.53,28.5
14:25:09,2881.4,49.51,6.704642999999999,-74.36840600000001,168.23,0.02,-0.16,1.24,19.92,14.06,57.42,-1.83,-0.36,-0.1,2770.0,72524.0,2732.77,1461.844,0.0014000000000000002,0.0301,0.0069,0.5063,0.5095000000000001,1.5702,0.0040999999999999995,0.009899999999999999,27.75,53.41,28.62
14:25:33,2836.8,56.66,6.7159949999999995,-74.35328100000001,171.22,0.09,-0.08,1.04,20.8,12.6,57.13,-4.69,0.82,-0.26,2770.0,72958.0,2685.52,1485.727,0.0013,0.0298,0.0069,0.49119999999999997,0.4965,1.506,0.004,0.0097,27.83,53.26,28.75
14:25:57,2822.4,63.01,6.725425,-74.336963,165.96,-0.04,-0.04,0.53,21.68,11.43,57.42,-4.8,1.96,0.26,2780.0,73067.0,2673.69,1509.469,0.0013,0.029900000000000003,0.0070999999999999995,0.48619999999999997,0.49219999999999997,1.5378,0.0040999999999999995,0.0098,27.9,53.04,28.62
14:26:20,2799.9,65.1,6.733167999999999,-74.320769,169.29,-0.01,-0.16,1.22,21.68,10.84,57.13,-5.42,1.43,-0.17,2780.0,73325.0,2645.75,1532.815,0.0013,0.029900000000000003,0.0070999999999999995,0.4813,0.488,1.5378,0.0040999999999999995,0.0098,27.93,52.86,28.75
14:26:44,2804.5,64.25,6.740889999999999,-74.304063,163.38,-0.02,0.09,0.65,21.39,11.72,57.71,-5.55,3.94,2.85,2790.0,73284.0,2650.18,1556.688,0.0013,0.0298,0.0070999999999999995,0.47159999999999996,0.4797,1.506,0.004,0.0097,28.0,52.71,28.87
14:27:08,2783.9,63.59,6.7490619999999995,-74.28778100000001,163.31,0.02,0.01,0.84,21.09,11.13,57.42,-6.28,-0.47,0.01,2790.0,73306.0,2647.8,1580.445,0.0013,0.0298,0.0070999999999999995,0.4621,0.4715,1.506,0.004,0.0097,28.04,52.58,28.87
14:27:31,2793.7,63.87,6.756666,-74.272006,161.67,0.09,-0.13,1.17,21.39,11.43,56.54,-1.59,-0.18,0.88,2800.0,73330.0,2645.2,1603.778,0.0013,0.0296,0.0072,0.45280000000000004,0.46340000000000003,1.4747999999999999,0.004,0.0097,28.08,52.43,28.87
14:27:55,2775.1,62.98,6.764883,-74.255775,163.79,-0.02,-0.24,0.94,21.09,12.01,56.54,-4.87,-0.47,0.14,2810.0,73411.0,2636.45,1627.678,0.0013,0.0296,0.0072,0.4482,0.4515,1.3847,0.0039000000000000003,0.0095,28.15,52.28,29.0
14:28:19,2787.1,59.34,6.773521000000001,-74.239875,159.51,0.02,0.09,1.14,21.09,12.3,56.25,-4.14,2.79,0.77,2810.0,73315.0,2646.83,1651.408,0.0013,0.0298,0.0072,0.4437,0.45539999999999997,1.506,0.004,0.0097,28.19,52.09,29.0
14:28:42,2786.9,58.73,6.782394,-74.225181,162.2,0.02,0.09,0.83,21.39,12.3,56.54,-2.18,2.6,0.45,2820.0,73399.0,2637.75,1674.75,0.0012,0.0298,0.0073,0.43920000000000003,0.4515,1.506,0.004,0.0097,28.26,51.97,29.12
14:29:06,2791.1,57.58,6.791952,-74.2099,159.88,-0.0,-0.08,0.98,21.39,12.01,56.54,-1.28,0.63,0.75,2820.0,73371.0,2640.77,1698.621,0.0012,0.029900000000000003,0.0073,0.43920000000000003,0.4515,1.5378,0.0040999999999999995,0.0098,28.32,51.82,29.12
14:29:30,2782.1,58.1,6.801688,-74.194819,160.62,0.02,-0.11,1.29,21.09,12.3,56.25,-0.67,0.54,0.92,2830.0,73398.0,2637.85,1722.374,0.0012,0.0298,0.0073,0.4303,0.4437,1.506,0.004,0.0097,28.36,51.73,29.12
14:29:53,2768.2,57.98,6.810728,-74.180231,160.67,-0.12,-0.03,0.8,21.39,12.01,57.13,-5.62,0.63,-0.98,2830.0,73445.0,2632.78,1745.721,0.0012,0.0301,0.0073,0.4303,0.4437,1.5702,0.0040999999999999995,0.009899999999999999,28.39,51.64,29.25
14:30:17,2772.1,57.21,6.82033,-74.165056,160.81,-0.02,-0.05,1.25,20.8,12.3,56.25,-4.57,0.56,-0.11,2840.0,73432.0,2634.18,1769.603,0.0012,0.029900000000000003,0.0073,0.42590000000000006,0.4399,1.5378,0.0040999999999999995,0.0098,28.43,51.54,29.25
14:30:41,2774.7,57.27,6.83007,-74.150075,159.9,0.09,0.01,1.02,21.39,12.6,58.01,-2.55,1.05,-0.7,2840.0,73398.0,2637.85,1793.356,0.0012,0.0301,0.0075,0.4216,0.4361,1.5702,0.0040999999999999995,0.009899999999999999,28.47,51.39,29.37
14:31:04,2760.9,61.07,6.8389,-74.135125,161.71,0.06,-0.01,0.84,20.8,10.55,56.54,-1.86,-1.49,0.85,2840.0,73507.0,2626.08,1816.697,0.0012,0.029900000000000003,0.0075,0.413,0.4285,1.5378,0.0040999999999999995,0.0098,28.5,51.29,29.37
14:31:28,2805.6,60.81,6.847303,-74.11970600000001,152.91,0.16,-0.06,1.03,21.39,11.43,56.54,-2.3,2.66,1.88,2850.0,73177.0,2661.77,1840.6,0.0012,0.029900000000000003,0.0075,0.40880000000000005,0.42479999999999996,1.5378,0.0040999999999999995,0.0098,28.54,51.1,29.37
14:31:52,2808.3,60.86,6.855713000000001,-74.104825,154.38,0.07,-0.1,1.21,21.97,12.01,57.42,-2.19,1.66,-0.51,2850.0,73151.0,2664.59,1864.335,0.0012,0.0301,0.0075,0.40880000000000005,0.42479999999999996,1.5702,0.0040999999999999995,0.009899999999999999,28.55,50.98,29.5
14:32:15,2786.4,61.6,6.8637619999999995,-74.090131,157.05,0.16,0.12,0.96,21.39,14.06,56.84,-1.84,1.35,-0.63,2860.0,73284.0,2650.18,1887.66,0.0012,0.0296,0.0076,0.39630000000000004,0.4138,1.4747999999999999,0.004,0.0097,28.58,50.78,29.5
14:32:39,2789.5,61.87,6.8719,-74.07485,154.47,0.05,-0.21,1.19,20.8,14.06,57.13,-2.78,-0.82,2.51,2860.0,73239.0,2655.05,1911.562,0.0012,0.0296,0.0076,0.3923,0.4102,1.4747999999999999,0.004,0.0097,28.61,50.69,29.5
14:33:03,2773.1,63.73,6.879869,-74.05925,158.09,0.11,0.1,0.87,20.8,13.48,56.54,-3.12,0.72,-0.49,2860.0,73385.0,2639.26,1935.3,0.0014000000000000002,0.0366,0.0072,0.5434,0.541,3.2418,0.0055000000000000005,0.0128,28.64,50.6,29.62
14:33:26,2775.3,60.88,6.8875589999999995,-74.04441899999999,155.08,0.01,-0.21,1.16,21.09,14.36,57.42,0.21,1.4,2.49,2870.0,73341.0,2644.02,1958.648,0.0014000000000000002,0.0366,0.0072,0.5434,0.541,3.2418,0.0055000000000000005,0.0128,28.65,50.5,29.5
14:33:50,2763.7,58.16,6.896377,-74.029356,156.34,0.17,-0.27,1.3,20.8,14.94,55.66,0.3,0.18,1.63,2870.0,73442.0,2633.1,1982.516,0.0014000000000000002,0.0366,0.0072,0.5434,0.541,3.2418,0.0055000000000000005,0.0128,28.68,50.41,29.62
14:34:14,2769.9,55.92,6.906344,-74.015,156.51,0.06,-0.24,1.18,20.21,14.65,57.13,1.61,-0.49,1.07,2870.0,73457.0,2631.48,2006.262,0.0014000000000000002,0.0366,0.0072,0.5379,0.5364,3.2418,0.0055000000000000005,0.0128,28.72,50.32,29.62
14:34:37,2772.9,58.9,6.915355,-74.000863,157.9,0.04,-0.28,1.14,21.39,14.94,56.54,-2.82,-0.26,1.73,2880.0,73492.0,2627.7,2029.604,0.0014000000000000002,0.0366,0.0072,0.5325,0.5318,3.2418,0.0055000000000000005,0.0128,28.75,50.16,29.75
14:35:01,2774.3,62.61,6.923891,-73.985475,155.31,0.18,-0.06,0.64,19.34,16.99,60.06,-1.7,4.81,0.81,2880.0,73438.0,2633.53,2053.482,0.0014000000000000002,0.037200000000000004,0.0072,0.5434,0.541,3.4369,0.005699999999999999,0.0131,28.78,50.03,29.62
14:35:25,2779.1,64.23,6.931744999999999,-73.96985,156.44,-0.03,-0.17,0.94,18.46,19.92,59.77,-1.65,3.0,2.65,2880.0,73429.0,2634.5,2077.228,0.0014000000000000002,0.037200000000000004,0.0072,0.5434,0.541,3.4369,0.005699999999999999,0.0131,28.83,49.91,29.75
14:35:48,2775.3,66.71,6.9388,-73.954688,157.19,0.13,0.11,0.66,18.46,19.63,59.18,-3.66,4.94,0.98,2880.0,73441.0,2633.21,2100.592,0.0014000000000000002,0.0378,0.0072,0.5489,0.5456,3.6426,0.0058,0.013300000000000001,28.86,49.88,29.75
14:36:12,2782.2,63.26,6.946142999999999,-73.938825,156.41,-0.23,-0.43,1.56,18.16,19.63,57.42,-1.98,-2.72,2.5,2890.0,73350.0,2643.04,2124.493,0.0014000000000000002,0.037599999999999995,0.0073,0.5434,0.541,3.5727999999999995,0.0058,0.0132,28.89,49.76,29.87
14:36:36,2791.4,59.33,6.954817,-73.923525,157.0,0.04,0.21,0.46,17.29,21.09,59.18,-6.51,1.53,0.03,2890.0,73340.0,2644.12,2148.187,0.0015,0.039,0.0072,0.5714,0.5646,4.0886000000000005,0.0060999999999999995,0.0139,28.91,49.65,29.87
14:36:59,2792.9,58.75,6.963473,-73.90915,157.66,0.03,-0.21,0.96,16.41,20.51,58.89,0.06,1.39,2.14,2890.0,73314.0,2646.94,2171.544,0.0015,0.039,0.0072,0.5714,0.5646,4.0886000000000005,0.0060999999999999995,0.0139,28.97,49.54,29.87
14:37:23,2789.0,58.6,6.972608999999999,-73.89406899999999,157.61,-0.18,-0.44,1.71,16.41,20.8,59.18,-0.12,0.45,2.39,2900.0,73290.0,2649.53,2195.432,0.0015,0.039,0.0072,0.5657,0.5598,4.0886000000000005,0.0060999999999999995,0.0139,29.01,49.48,29.87
14:37:47,2785.8,58.85,6.98177,-73.87885,158.85,-0.08,-0.48,1.74,16.41,20.21,58.59,0.05,-0.89,1.82,2900.0,73307.0,2647.69,2219.158,0.0015,0.039,0.0072,0.5657,0.5598,4.0886000000000005,0.0060999999999999995,0.0139,29.04,49.35,29.87
14:38:10,2793.8,59.55,6.990545,-73.864325,159.84,0.11,0.23,0.38,16.41,20.21,58.59,-6.72,4.11,-0.11,2910.0,73317.0,2646.61,2242.507,0.0015,0.039,0.0072,0.5657,0.5598,3.7137000000000002,0.0059,0.0134,29.08,49.22,29.87
14:38:34,2772.2,60.95,6.999505,-73.848706,161.02,0.0,-0.33,1.17,16.99,20.8,59.47,0.29,0.69,2.04,2910.0,73452.0,2632.02,2266.374,0.0015,0.039,0.0073,0.56,0.555,4.0886000000000005,0.0060999999999999995,0.0139,29.11,49.19,30.0
14:38:58,2769.8,64.5,7.007561999999999,-73.832838,158.38,0.01,0.15,0.56,17.29,19.92,58.59,-7.31,2.43,-0.6,2910.0,73359.0,2642.07,2290.122,0.0015,0.039,0.0073,0.5544,0.5503,4.0886000000000005,0.0060999999999999995,0.0139,29.14,49.03,30.0
14:39:21,2780.6,61.34,7.015141000000001,-73.817438,159.34,0.04,0.21,0.66,17.87,20.51,58.3,-4.68,-0.49,-0.03,2920.0,73376.0,2640.23,2313.484,0.0015,0.039,0.0073,0.5544,0.5503,4.0886000000000005,0.0060999999999999995,0.0139,29.18,48.94,30.0
14:39:45,2805.4,57.42,7.024417999999999,-73.80235,158.23,0.08,-0.32,1.31,16.7,20.21,59.77,1.64,0.35,1.63,2920.0,73293.0,2649.21,2337.34,0.0014000000000000002,0.039,0.0073,0.5489,0.5456,4.0886000000000005,0.0060999999999999995,0.0139,29.21,48.78,30.12
14:40:09,2797.5,59.76,7.03388,-73.78699399999999,160.95,-0.01,-0.34,1.56,16.7,19.92,59.77,-2.82,2.24,-0.36,2920.0,73378.0,2640.02,2361.09,0.0014000000000000002,0.0388,0.0073,0.5434,0.541,4.0108999999999995,0.0060999999999999995,0.0138,29.23,48.72,30.12
14:40:32,2803.4,59.37,7.0423729999999995,-73.772288,158.38,-0.04,-0.43,1.69,17.29,20.51,59.47,-0.05,-1.5,0.8,2930.0,73303.0,2648.13,2384.449,0.0014000000000000002,0.039,0.0075,0.5379,0.5364,4.0886000000000005,0.0060999999999999995,0.0139,29.26,48.59,30.12
14:40:56,2778.6,60.26,7.051473,-73.756738,162.71,-0.05,-0.01,1.22,17.29,20.21,58.89,-3.83,-2.66,-0.72,2930.0,73406.0,2636.99,2408.332,0.0014000000000000002,0.039,0.0075,0.5379,0.5364,4.0886000000000005,0.0060999999999999995,0.0139,29.28,48.53,30.25
14:41:20,2787.8,62.76,7.060110000000001,-73.74086899999999,159.76,0.08,-0.13,0.99,16.99,20.21,58.01,-0.43,2.67,3.24,2930.0,73304.0,2648.02,2432.073,0.0014000000000000002,0.039,0.0075,0.5379,0.5364,4.0886000000000005,0.0060999999999999995,0.0139,29.32,48.4,30.25
14:41:43,2807.6,60.4,7.06827,-73.725844,158.47,0.03,0.27,0.14,17.29,19.92,58.89,-7.77,0.38,0.51,2940.0,73208.0,2658.41,2455.42,0.0014000000000000002,0.039,0.0075,0.5325,0.5318,4.0886000000000005,0.0060999999999999995,0.0139,29.36,48.27,30.25
14:42:07,2821.4,60.88,7.076973,-73.710256,158.89,0.28,0.05,0.67,18.16,19.92,57.71,-6.02,3.78,0.64,2940.0,73138.0,2665.99,2479.281,0.0014000000000000002,0.039,0.0075,0.5325,0.5318,4.0886000000000005,0.0060999999999999995,0.0139,29.37,48.24,30.25
14:42:31,2812.4,61.78,7.0856520000000005,-73.694525,161.25,-0.04,0.06,1.01,17.29,19.92,59.18,-6.83,2.62,-0.66,2940.0,73170.0,2662.53,2503.034,0.0014000000000000002,0.039,0.0075,0.5272,0.5273,4.0886000000000005,0.0060999999999999995,0.0139,29.41,48.18,30.37
14:42:54,2833.3,61.77,7.093787,-73.679281,159.34,0.17,0.03,0.31,16.99,19.63,58.3,-5.38,2.21,-0.89,2950.0,73005.0,2680.42,2526.371,0.0014000000000000002,0.039,0.0075,0.5272,0.5273,4.0886000000000005,0.0060999999999999995,0.0139,29.44,48.08,30.37
14:43:18,2849.4,61.83,7.102285,-73.663488,161.31,-0.13,-0.17,1.32,16.7,19.34,58.59,-0.04,-3.44,-0.11,2950.0,72990.0,2682.05,2550.258,0.0014000000000000002,0.039,0.0075,0.5272,0.5273,4.0886000000000005,0.0060999999999999995,0.0139,29.47,48.02,30.37
14:43:42,2863.4,63.77,7.110394,-73.647438,160.75,-0.12,-0.12,1.14,20.21,16.41,58.89,-0.33,-1.8,0.43,2960.0,72874.0,2694.65,2574.001,0.0014000000000000002,0.039,0.0076,0.5219,0.5228,4.0886000000000005,0.0060999999999999995,0.0139,29.51,48.13,30.37
14:44:05,2860.7,62.99,7.118219,-73.632075,162.01,-0.08,-0.1,0.99,19.34,15.82,58.89,-0.57,1.02,0.37,2960.0,72832.0,2699.22,2597.345,0.0014000000000000002,0.0388,0.0076,0.5167,0.5183,4.0108999999999995,0.0060999999999999995,0.0138,29.54,48.16,30.5
14:44:29,2878.5,62.81,7.126386999999999,-73.616163,157.2,0.07,0.33,1.08,19.34,17.29,60.06,-8.98,4.14,0.53,2960.0,72603.0,2724.15,2621.214,0.0014000000000000002,0.039,0.0076,0.5167,0.5183,4.0886000000000005,0.0060999999999999995,0.0139,29.58,48.1,30.62
14:44:53,2862.6,61.73,7.134558,-73.600213,162.59,0.17,0.12,0.91,19.04,16.99,58.59,-6.83,3.85,1.43,2970.0,72639.0,2720.23,2644.961,0.0014000000000000002,0.039,0.0076,0.5115,0.5139,4.0886000000000005,0.0060999999999999995,0.0139,29.64,48.07,30.62
14:45:16,2883.7,61.95,7.142882000000001,-73.585044,159.77,0.04,0.15,0.99,19.63,17.87,59.18,-5.97,1.59,-0.13,2970.0,72463.0,2739.43,2668.32,0.0014000000000000002,0.039,0.0076,0.5115,0.5139,4.0886000000000005,0.0060999999999999995,0.0139,29.68,47.98,30.62
14:45:40,2879.5,62.65,7.151333999999999,-73.569144,163.74,0.13,0.14,1.06,19.34,16.7,59.47,-5.0,1.38,1.38,2980.0,72499.0,2735.5,2692.195,0.0014000000000000002,0.039,0.0076,0.5115,0.5139,4.0886000000000005,0.0060999999999999995,0.0139,29.71,47.92,30.62
14:46:04,2897.3,64.59,7.159435,-73.552856,162.27,-0.15,-0.17,0.89,19.04,16.11,58.89,-1.27,-0.45,0.59,2980.0,72382.0,2748.28,2715.919,0.0014000000000000002,0.039,0.0076,0.5115,0.5139,4.0886000000000005,0.0060999999999999995,0.0139,29.72,47.85,30.62
14:46:27,2879.5,62.5,7.167269999999999,-73.536988,171.32,-0.17,-0.17,1.05,19.92,17.29,58.59,-1.81,-0.09,0.86,2980.0,72696.0,2714.02,2739.275,0.0014000000000000002,0.039,0.0076,0.5063,0.5095000000000001,4.0886000000000005,0.0060999999999999995,0.0139,29.75,47.86,30.62
14:46:51,2793.7,63.78,7.176152,-73.51965600000001,175.39,-0.14,-0.05,1.34,26.07,11.72,53.61,-3.17,-0.43,-0.18,2990.0,73182.0,2661.23,2763.17,0.0014000000000000002,0.039,0.0077,0.5063,0.5095000000000001,4.0886000000000005,0.0060999999999999995,0.0139,29.82,47.97,30.75
14:47:15,2735.3,63.9,7.184823,-73.501819,177.81,0.14,0.02,0.89,26.07,11.43,53.91,-4.42,2.17,0.14,2990.0,73720.0,2603.11,2786.902,0.0014000000000000002,0.039,0.0077,0.5012,0.5051,4.0886000000000005,0.0060999999999999995,0.0139,29.84,47.87,30.75
14:47:38,2673.4,66.14,7.192966,-73.48445,177.82,-0.16,0.08,1.44,25.78,10.84,54.2,-2.68,2.14,-1.97,2990.0,74291.0,2541.81,2810.262,0.0013,0.039,0.0077,0.4962,0.5008,4.0886000000000005,0.0060999999999999995,0.0139,29.93,47.95,30.75
14:48:02,2611.6,69.22,7.200456,-73.465994,178.03,0.11,-0.16,0.92,26.66,11.43,55.37,-5.46,-0.51,-1.87,3000.0,74857.0,2481.42,2834.145,0.0013,0.0388,0.0077,0.4962,0.5008,4.0108999999999995,0.0060999999999999995,0.0138,29.98,47.99,30.75
14:48:26,2552.4,71.29,7.207127000000001,-73.44739399999999,174.6,-0.12,-0.18,1.16,26.37,10.55,53.61,-2.2,-3.27,-1.12,3000.0,75429.0,2420.77,2857.863,0.0013,0.0388,0.0077,0.49119999999999997,0.4965,4.0108999999999995,0.0060999999999999995,0.0138,30.04,48.06,30.87
14:48:49,2454.1,72.8,7.212802000000001,-73.429275,179.69,0.07,-0.12,0.77,27.54,11.13,53.91,-5.78,1.29,-0.43,3000.0,76205.0,2339.07,2881.24,0.0013,0.039,0.0079,0.49119999999999997,0.4965,4.0886000000000005,0.0060999999999999995,0.0139,30.08,48.16,30.87
14:49:13,2381.5,72.86,7.218686999999999,-73.410063,177.14,-0.06,-0.2,0.94,21.39,14.94,57.13,-3.81,-0.34,2.55,3010.0,76890.0,2267.52,2905.105,0.0013,0.039,0.0079,0.48619999999999997,0.49219999999999997,4.0886000000000005,0.0060999999999999995,0.0139,30.14,48.24,31.0
14:49:37,2316.4,65.64,7.226062,-73.391944,173.85,-0.05,0.02,0.96,18.75,14.94,58.01,-2.61,0.76,-0.56,3010.0,77458.0,2208.57,2928.847,0.0013,0.039,0.0079,0.4813,0.488,4.0886000000000005,0.0060999999999999995,0.0139,30.18,48.24,31.0
14:50:00,2191.4,79.52,7.231605,-73.374138,169.82,-0.11,-0.08,1.05,20.21,11.72,58.01,-5.08,-0.1,-0.08,3010.0,78526.0,2098.68,2952.189,0.0013,0.039,0.0079,0.4765,0.4838,4.0886000000000005,0.0060999999999999995,0.0139,30.23,48.38,31.0
14:50:24,2116.6,81.43,7.234027,-73.35605,157.58,0.01,-0.18,0.83,20.51,12.01,56.84,0.45,0.85,-0.35,3020.0,79230.0,2026.91,2976.044,0.0013,0.039,0.008,0.4765,0.4838,4.0886000000000005,0.0060999999999999995,0.0139,30.29,48.45,31.0
14:50:48,2101.7,79.65,7.236702999999999,-73.3394,147.24,-0.04,-0.09,1.03,19.92,12.89,58.3,-0.23,-0.58,1.17,3020.0,79439.0,2005.7,2999.803,0.0013,0.039,0.008,0.47159999999999996,0.4797,4.0886000000000005,0.0060999999999999995,0.0139,30.33,48.43,31.12
14:51:11,2115.8,80.51,7.239291000000001,-73.324188,140.83,-0.03,0.07,0.94,20.51,11.43,57.13,-5.91,0.95,-0.66,3030.0,79446.0,2004.99,3023.154,0.0013,0.039,0.008,0.47159999999999996,0.4797,4.0886000000000005,0.0060999999999999995,0.0139,30.37,48.33,31.12
14:51:35,2093.7,80.18,7.241852000000001,-73.308663,144.18,0.03,0.08,1.14,20.8,12.3,58.3,-4.69,0.94,-0.4,3030.0,79605.0,1988.88,3047.018,0.0013,0.039,0.008,0.4669,0.4756,4.0886000000000005,0.0060999999999999995,0.0139,30.4,48.23,31.25
14:51:59,2053.7,85.8,7.244116,-73.29265,146.39,-0.17,0.13,1.06,19.92,11.13,58.01,-5.7,-0.38,-0.18,3040.0,79860.0,1963.11,3070.775,0.0013,0.0388,0.008,0.4621,0.4715,4.0108999999999995,0.0060999999999999995,0.0138,30.43,48.21,31.37
14:52:22,1970.1,94.7,7.243863,-73.2769,148.82,-0.03,-0.29,0.72,20.21,10.55,57.71,-0.79,1.01,0.96,3050.0,80672.0,1881.48,3094.123,0.0013,0.0388,0.008199999999999999,0.4621,0.4715,4.0108999999999995,0.0060999999999999995,0.0138,30.53,48.31,31.37
14:52:46,1860.6,100.69,7.241707000000001,-73.260506,146.79,-0.09,0.0,1.2,20.51,9.08,57.71,-2.91,-0.42,-0.32,3050.0,81679.0,1781.17,3118.003,0.0013,0.039,0.008199999999999999,0.4621,0.4715,4.0886000000000005,0.0060999999999999995,0.0139,30.61,48.43,31.5
14:53:10,1771.0,113.62,7.2369270000000006,-73.244963,139.0,-0.01,-0.1,0.98,19.92,6.74,58.89,-7.45,0.4,-0.46,3060.0,82510.0,1699.15,3141.746,0.0013,0.039,0.008199999999999999,0.4575,0.46740000000000004,4.0886000000000005,0.0060999999999999995,0.0139,30.68,48.5,31.62
14:53:33,1725.3,126.13,7.229823,-73.232506,132.38,-0.01,0.01,1.09,18.75,4.69,58.01,-7.22,0.51,-1.08,3070.0,83031.0,1648.06,3165.087,0.0013,0.0388,0.008199999999999999,0.45280000000000004,0.46340000000000003,4.0108999999999995,0.0060999999999999995,0.0138,30.69,48.5,31.62
14:53:57,1612.9,149.34,7.218818,-73.222269,136.59,-0.03,-0.23,0.87,16.11,1.17,57.71,-3.68,1.4,1.61,3070.0,83978.0,1555.86,3188.969,0.0013,0.0388,0.0083,0.4482,0.4594,4.0108999999999995,0.0060999999999999995,0.0138,30.82,48.58,31.62
14:54:21,1557.3,155.23,7.205247999999999,-73.215556,132.36,-0.07,0.01,1.05,14.94,1.17,58.59,-1.39,0.11,1.62,3080.0,84663.0,1489.69,3212.708,0.0013,0.0388,0.0083,0.4482,0.4594,4.0108999999999995,0.0060999999999999995,0.0138,30.87,48.59,31.62
14:54:44,1506.5,157.78,7.192427,-73.209806,130.31,-0.13,0.07,1.03,14.36,0.0,57.42,-3.46,1.76,1.55,3080.0,85088.0,1448.86,3236.075,0.0013,0.0388,0.0083,0.4437,0.45539999999999997,4.0108999999999995,0.0060999999999999995,0.0138,30.91,48.56,31.75
14:55:08,1481.9,158.97,7.179595,-73.20495600000001,116.76,-0.08,-0.09,0.86,15.23,0.0,58.3,-1.78,-0.38,1.72,3090.0,85415.0,1417.55,3259.922,0.0013,0.0388,0.0083,0.4437,0.45539999999999997,4.0108999999999995,0.0060999999999999995,0.0138,31.01,48.64,31.75
14:55:32,1420.5,160.19,7.167948,-73.200538,110.5,-0.08,0.0,1.1,14.65,0.29,58.59,-3.58,-0.24,2.78,3090.0,86111.0,1351.24,3283.682,0.0012,0.039,0.0084,0.43920000000000003,0.4515,4.0886000000000005,0.0060999999999999995,0.0139,31.08,48.75,31.87
14:55:55,1353.5,158.88,7.157127,-73.19641899999999,105.75,-0.06,0.01,1.1,14.65,-0.59,58.3,-2.1,0.38,-1.08,3100.0,86853.0,1281.02,3307.043,0.0012,0.0388,0.0084,0.4347,0.4476,4.0108999999999995,0.0060999999999999995,0.0138,31.14,48.75,31.87
14:56:19,1283.7,159.36,7.1463600000000005,-73.192338,100.95,-0.05,-0.03,1.11,14.65,-0.29,56.84,-1.22,1.43,1.53,3100.0,87505.0,1219.72,3330.921,0.0012,0.0388,0.0084,0.4303,0.4437,4.0108999999999995,0.0060999999999999995,0.0138,31.18,48.82,32.0
14:56:43,1235.4,159.85,7.136072,-73.188438,91.93,-0.13,0.02,1.19,15.23,-0.29,58.01,0.39,-0.57,-3.22,3100.0,88234.0,1151.62,3354.656,0.0012,0.039,0.0084,0.4303,0.4437,4.0886000000000005,0.0060999999999999995,0.0139,31.22,48.93,32.0
14:57:06,1212.8,160.04,7.1292029999999995,-73.185819,41.83,-0.16,-0.07,1.06,14.06,-2.34,56.54,-3.05,4.17,-0.05,3100.0,88388.0,1137.29,3378.009,0.0012,0.0388,0.0086,0.4303,0.4437,4.0108999999999995,0.0060999999999999995,0.0138,31.29,48.77,32.0
14:57:30,1205.9,154.89,7.12713,-73.184975,13.33,-0.07,-0.05,0.93,14.36,-2.05,56.54,-3.01,1.27,2.57,3110.0,88408.0,1135.43,3401.882,0.0012,0.039,0.0086,0.42590000000000006,0.4399,4.0886000000000005,0.0060999999999999995,0.0139,31.33,48.78,32.12
14:57:54,1199.3,73.7,7.126972,-73.184106,7.02,-0.0,-0.01,1.05,21.09,10.25,55.96,-3.11,0.03,-0.14,3120.0,88419.0,1134.41,3425.604,0.0012,0.039,0.0086,0.42590000000000006,0.4399,4.0886000000000005,0.0060999999999999995,0.0139,31.36,48.78,32.25
14:58:17,1195.5,101.38,7.12696,-73.183756,0.0,-0.03,-0.08,0.95,21.09,9.67,58.01,-2.75,0.63,0.18,3120.0,88415.0,1134.78,3448.964,0.0012,0.039,0.0086,0.42590000000000006,0.4399,4.0886000000000005,0.0060999999999999995,0.0139,31.36,48.78,32.25
14:58:41,1193.7,91.65,7.126952,-73.183669,2.9,0.03,-0.11,0.95,21.09,10.55,58.59,-4.96,-0.96,3.4,3130.0,88398.0,1136.36,3472.842,0.0012,0.039,0.0086,0.4216,0.4361,4.0886000000000005,0.0060999999999999995,0.0139,31.4,48.79,32.25
14:59:05,1196.2,5.35,7.127173,-73.18355,3.91,-0.14,-0.06,0.93,10.84,20.51,57.71,-2.98,2.53,-0.16,3130.0,88400.0,1136.17,3496.574,0.0012,0.039,0.0086,0.4216,0.4361,3.786,0.0059,0.013500000000000002,31.4,48.59,32.25
14:59:28,1200.1,68.77,7.1273729999999995,-73.18339399999999,0.89,-0.01,-0.06,0.96,19.92,15.53,57.42,-3.0,1.56,2.91,3130.0,88393.0,1136.82,3519.942,0.0012,0.039,0.0086,0.4216,0.4361,4.0886000000000005,0.0060999999999999995,0.0139,31.44,48.59,32.25
14:59:52,1200.9,62.21,7.127563,-73.182969,5.08,-0.01,-0.13,1.04,26.37,11.43,52.73,-3.67,-1.09,0.9,3140.0,88386.0,1137.47,3543.831,0.0012,0.039,0.0086,0.4216,0.4361,4.0886000000000005,0.0060999999999999995,0.0139,31.44,48.6,32.37
15:00:16,1204.6,335.65,7.127762,-73.182731,1.93,-0.15,-0.16,1.0,12.01,16.11,53.91,-2.17,-0.29,1.83,3140.0,88389.0,1137.19,3567.549,0.0012,0.039,0.0086,0.41729999999999995,0.43229999999999996,4.0886000000000005,0.0060999999999999995,0.0139,31.5,48.6,32.37
15:00:39,1203.7,11.99,7.127909,-73.182825,0.0,-0.03,-0.03,1.05,11.43,16.7,55.37,-3.2,-1.6,0.26,3140.0,88388.0,1137.29,3590.914,0.0012,0.039,0.0086,0.4216,0.4361,4.0886000000000005,0.0060999999999999995,0.0139,31.53,48.67,32.37
15:01:03,1203.5,11.99,7.127909,-73.182825,0.0,-0.32,-0.24,0.96,9.67,20.51,60.35,-5.62,-1.71,0.75,3140.0,88381.0,1137.94,3614.79,0.0012,0.039,0.0087,0.41729999999999995,0.43229999999999996,4.0886000000000005,0.0060999999999999995,0.0139,31.58,48.74,32.5
15:01:27,1203.5,11.99,7.127909,-73.182825,0.0,-0.02,-0.1,1.03,12.3,18.75,59.18,-4.61,2.24,0.16,3150.0,88389.0,1137.19,3638.516,0.0012,0.0392,0.0087,0.4216,0.4361,4.1676,0.0062,0.013999999999999999,31.61,48.78,32.5
15:01:50,1203.2,170.62,7.12787,-73.182825,1.09,-0.07,-0.09,1.02,12.01,19.34,58.89,-1.78,2.05,1.04,3150.0,88404.0,1135.8,3661.894,0.0012,0.039,0.0087,0.41729999999999995,0.43229999999999996,4.0886000000000005,0.0060999999999999995,0.0139,31.64,48.82,32.62
15:02:14,1203.3,168.72,7.127872999999999,-73.18283100000001,0.0,-0.09,-0.05,1.02,12.01,18.75,58.3,-1.99,1.74,0.45,3160.0,88387.0,1137.38,3685.754,0.0012,0.0392,0.0087,0.41729999999999995,0.43229999999999996,4.1676,0.0062,0.013999999999999999,31.65,48.89,32.62
15:02:38,1203.3,168.72,7.127872999999999,-73.18283100000001,0.0,-0.05,0.05,1.05,10.84,19.04,57.42,-3.81,-0.42,0.84,3160.0,88371.0,1138.87,3709.503,0.0012,0.0392,0.0087,0.41729999999999995,0.43229999999999996,4.1676,0.0062,0.013999999999999999,31.68,48.99,32.62
15:03:01,1203.3,168.72,7.127872999999999,-73.18283100000001,0.0,-0.02,-0.03,0.99,11.43,19.04,57.42,-3.29,0.76,0.47,3160.0,88389.0,1137.19,3732.855,0.0012,0.0392,0.0087,0.41729999999999995,0.43229999999999996,4.1676,0.0062,0.013999999999999999,31.69,49.06,32.62
15:03:25,1203.3,168.72,7.127872999999999,-73.18283100000001,0.0,-0.02,-0.02,1.0,12.01,19.34,58.3,-3.25,0.6,0.39,3170.0,88385.0,1137.57,3756.709,0.0012,0.0392,0.0087,0.41729999999999995,0.43229999999999996,4.1676,0.0062,0.013999999999999999,31.73,49.13,32.62
15:03:49,1203.3,168.72,7.127872999999999,-73.18283100000001,0.0,0.03,-0.42,0.91,12.01,8.79,58.01,-6.58,2.22,-0.79,3160.0,88340.0,1141.75,3780.453,0.0012,0.0392,0.0087,0.413,0.4285,4.1676,0.0062,0.013999999999999999,31.72,49.65,32.62
16:02:27,2114.6,270.51,7.106973,-73.255981,128.54,0.08,-0.05,1.09,-2.34,10.55,69.43,-3.07,-2.15,1.85,2620.0,79366.0,2013.1,33.782,0.0034000000000000002,0.0536,0.0040999999999999995,2.0288999999999997,1.6557,13.2929,0.009899999999999999,0.021099999999999997,26.04,64.3,26.87
16:02:51,2173.9,266.78,7.106665,-73.270781,139.2,0.1,0.04,1.5,-2.64,10.25,69.43,-5.21,2.34,1.17,2670.0,78703.0,2080.59,57.664,0.0034000000000000002,0.04190000000000001,0.0045000000000000005,1.9889,1.6279,5.3327,0.0068000000000000005,0.015300000000000001,26.36,63.9,27.5
16:03:15,2187.3,269.49,7.106063000000001,-73.28711899999999,152.09,0.04,0.05,1.23,-2.93,10.55,67.97,-2.8,0.91,-1.17,2720.0,78568.0,2094.39,81.399,0.0031,0.0374,0.0048,1.7653999999999999,1.4712,3.5042,0.005699999999999999,0.0132,26.76,63.43,27.87
16:03:38,2200.6,270.57,7.106161999999999,-73.303538,154.32,0.04,0.02,1.02,-2.05,11.13,68.85,-4.55,1.19,-0.94,2750.0,78392.0,2112.4,104.766,0.0029,0.0351,0.005,1.537,1.308,2.7704000000000004,0.0052,0.0121,27.12,62.83,28.37
16:04:02,2219.0,267.2,7.106159,-73.320825,154.46,-0.01,-0.04,0.77,-2.34,10.84,68.85,-2.45,0.56,2.13,2790.0,78267.0,2125.22,128.616,0.0026,0.0338,0.0053,1.3519999999999999,1.173,2.4103,0.0049,0.0115,27.51,62.2,28.62
16:04:26,2201.4,268.25,7.105509,-73.338356,158.84,0.08,0.13,1.36,-2.64,10.25,68.85,-2.88,-0.95,-0.02,2820.0,78287.0,2123.17,152.374,0.0024,0.0329,0.0054,1.2131999999999998,1.0698999999999999,2.1797999999999997,0.004699999999999999,0.0111,27.87,61.53,29.12
16:04:49,2201.6,264.31,7.104234,-73.355463,158.73,0.02,0.14,1.37,-2.34,9.67,68.26,-2.3,0.28,0.31,2850.0,78200.0,2132.1,175.747,0.0023,0.032400000000000005,0.005699999999999999,1.078,0.9678,2.0513,0.0046,0.0109,28.22,60.85,29.37
16:05:13,2196.7,264.2,7.102575,-73.373663,164.96,0.05,0.02,1.34,-2.34,9.96,69.43,-2.14,-1.11,0.41,2880.0,78360.0,2115.68,199.595,0.0021,0.032,0.0058,0.9865,0.8976000000000001,1.9694999999999998,0.0045000000000000005,0.010700000000000001,28.55,60.2,29.75
16:05:37,2175.1,264.67,7.100577,-73.39205,166.0,-0.04,-0.24,0.46,-2.34,9.96,68.85,-3.62,1.72,0.48,2910.0,78417.0,2109.84,223.343,0.002,0.0318,0.006,0.9117000000000001,0.8395,1.9298,0.0045000000000000005,0.0106,28.9,59.51,30.12
16:06:00,2160.1,264.96,7.098986999999999,-73.41005600000001,166.12,0.09,0.04,0.87,-2.64,10.25,68.85,-5.48,-0.13,2.53,2940.0,78494.0,2101.96,246.7,0.0019,0.0315,0.0060999999999999995,0.8423999999999999,0.785,1.8524,0.0044,0.0105,29.18,58.81,30.37
16:06:24,2165.0,264.08,7.097155,-73.428431,163.77,-0.1,-0.26,0.67,-3.22,9.96,68.55,-4.24,2.7,-0.24,2970.0,78413.0,2110.25,270.58,0.0018,0.0313,0.0062,0.7939,0.7464,1.8148,0.0044,0.0104,29.47,58.19,30.62
16:06:48,2189.0,264.33,7.095434,-73.44614399999999,157.13,0.05,0.03,1.04,-2.93,9.96,69.43,-2.98,1.63,1.62,2990.0,78169.0,2135.28,294.32,0.0018,0.0311,0.0064,0.7406999999999999,0.7037,1.7778999999999998,0.0043,0.0103,29.72,57.45,30.87
16:07:11,2175.0,263.17,7.093605999999999,-73.463206,160.98,0.06,-0.14,0.8,-2.34,9.38,68.85,-2.56,0.54,2.29,3020.0,78277.0,2124.19,317.667,0.0017000000000000001,0.031,0.0064,0.7048000000000001,0.6746,1.7416,0.0043,0.0103,29.97,56.83,31.12
16:07:35,2186.2,262.42,7.091289999999999,-73.481113,160.7,0.05,0.16,1.44,-2.64,9.96,69.43,-1.34,-0.77,1.82,3040.0,78262.0,2125.73,341.538,0.0016,0.0308,0.006500000000000001,0.6706,0.6467,1.706,0.0043,0.0102,30.22,56.26,31.37
16:07:59,2217.6,259.08,7.0887899999999995,-73.498725,156.58,0.02,-0.1,0.85,-2.34,9.08,70.31,-4.4,3.23,1.61,3060.0,78081.0,2144.32,365.283,0.0016,0.030600000000000002,0.0067,0.6379,0.6199,1.6711,0.0042,0.0101,30.43,55.6,31.5
16:08:22,2212.0,257.24,7.085172,-73.51525600000001,158.66,0.13,-0.01,1.16,-2.34,9.08,69.43,-6.62,1.36,2.28,3080.0,78168.0,2135.38,388.628,0.0015,0.030600000000000002,0.0067,0.6129,0.5992000000000001,1.6711,0.0042,0.0101,30.65,55.08,31.75
16:08:46,2272.7,256.06,7.081212,-73.531625,146.04,0.1,-0.36,0.7,-2.64,7.91,68.55,-2.56,-1.19,0.8,3100.0,77614.0,2192.45,412.479,0.0015,0.030299999999999997,0.0068000000000000005,0.5889,0.5792,1.6032,0.0040999999999999995,0.01,30.84,54.44,32.0
16:09:10,2345.7,256.07,7.077285000000001,-73.547263,142.98,0.05,-0.02,1.0,-3.52,7.62,68.55,-5.34,1.27,1.8,3120.0,77008.0,2255.24,436.259,0.0015,0.0305,0.0069,0.5714,0.5646,1.6368,0.0042,0.01,31.04,53.63,32.25
16:09:33,2398.9,257.26,7.073778,-73.562175,142.85,0.07,0.03,0.94,-2.64,7.91,68.55,-7.0,1.31,0.52,3140.0,76527.0,2305.37,459.604,0.0015,0.030299999999999997,0.0069,0.5544,0.5503,1.6032,0.0040999999999999995,0.01,31.22,53.01,32.37
16:09:57,2445.3,257.61,7.070492999999999,-73.57798100000001,146.63,0.12,-0.17,0.72,-2.64,8.5,68.85,-2.77,-2.47,3.58,3160.0,76166.0,2343.16,483.491,0.0014000000000000002,0.0301,0.0069,0.5379,0.5364,1.5702,0.0040999999999999995,0.009899999999999999,31.4,52.42,32.5
16:10:21,2502.7,253.86,7.06665,-73.593506,143.13,0.16,-0.03,1.16,-2.34,7.62,68.85,-1.01,-1.04,0.0,3180.0,75597.0,2403.03,507.225,0.0014000000000000002,0.0301,0.0070999999999999995,0.5219,0.5228,1.5702,0.0040999999999999995,0.009899999999999999,31.54,51.86,32.62
16:10:44,2532.5,256.53,7.062278,-73.608544,146.41,0.0,0.0,1.33,-2.93,8.2,68.55,-1.88,3.32,0.11,3190.0,75243.0,2440.45,530.554,0.0014000000000000002,0.0301,0.0070999999999999995,0.5115,0.5139,1.5702,0.0040999999999999995,0.009899999999999999,31.72,51.46,32.87
16:11:08,2601.8,257.19,7.058163,-73.6242,146.61,0.06,-0.2,0.73,-3.52,8.5,67.97,-2.05,-0.39,0.43,3210.0,74732.0,2494.73,554.438,0.0014000000000000002,0.0301,0.0070999999999999995,0.5063,0.5095000000000001,1.5702,0.0040999999999999995,0.009899999999999999,31.86,51.02,33.0
16:11:32,2640.4,259.99,7.055178,-73.640556,146.61,0.11,0.08,1.36,-2.93,8.79,69.43,-4.78,0.73,-1.21,3220.0,74370.0,2533.36,578.198,0.0013,0.029900000000000003,0.0072,0.4962,0.5008,1.5378,0.0040999999999999995,0.0098,31.97,50.57,33.12
16:11:55,2678.7,260.83,7.052478,-73.6561,148.8,0.07,-0.09,0.81,-3.22,9.08,68.26,-7.51,-1.62,2.01,3240.0,74016.0,2571.29,601.531,0.0013,0.029900000000000003,0.0072,0.48619999999999997,0.49219999999999997,1.5378,0.0040999999999999995,0.0098,32.15,50.17,33.25
16:12:19,2751.7,263.78,7.050475,-73.672538,145.84,-0.04,0.21,1.49,-3.22,10.25,68.85,-3.37,2.16,-0.14,3250.0,73494.0,2627.48,625.426,0.0013,0.029900000000000003,0.0072,0.4765,0.4838,1.5378,0.0040999999999999995,0.0098,32.28,49.69,33.5
16:12:43,2813.1,263.81,7.048715,-73.688744,144.15,0.1,0.04,1.3,-3.52,10.55,69.43,-3.84,2.31,0.8,3260.0,73020.0,2678.79,649.153,0.0013,0.0301,0.0072,0.47159999999999996,0.4797,1.5702,0.0040999999999999995,0.009899999999999999,32.4,49.21,33.62
16:13:06,2851.0,264.28,7.046834,-73.70395,144.18,0.11,0.21,1.38,-3.52,10.55,68.85,-5.87,2.72,-2.85,3280.0,72612.0,2723.17,672.5,0.0018,0.0406,0.0067,0.748,0.7097,4.7618,0.006500000000000001,0.0147,32.51,48.83,33.62
16:13:30,2875.4,263.3,7.045310000000001,-73.720138,147.33,-0.0,-0.09,0.78,-2.93,10.55,69.14,-4.75,1.34,0.78,3290.0,72350.0,2751.78,696.36,0.0018,0.0406,0.0067,0.748,0.7097,4.7618,0.006500000000000001,0.0147,32.62,48.41,33.75
16:13:54,2934.6,261.32,7.043002,-73.736238,143.75,0.15,0.12,1.33,-3.81,9.96,68.85,-5.34,1.64,0.27,3300.0,71870.0,2804.4,720.113,0.0018,0.0406,0.0067,0.7406999999999999,0.7037,4.7618,0.006500000000000001,0.0147,32.71,47.95,33.87
16:14:17,2971.6,258.37,7.04022,-73.7515,147.24,0.09,-0.19,0.81,-3.81,9.67,67.97,-3.65,0.53,0.92,3310.0,71619.0,2832.04,743.476,0.0017000000000000001,0.0406,0.0067,0.7333,0.6978,4.7618,0.006500000000000001,0.0147,32.8,47.53,34.0
16:14:41,3000.8,257.85,7.036785000000001,-73.76746899999999,148.21,0.14,-0.03,1.16,-3.22,9.38,68.55,-4.67,0.73,0.94,3320.0,71397.0,2856.54,767.334,0.0017000000000000001,0.0404,0.0067,0.7261,0.6919,4.6724,0.0064,0.0146,32.9,47.24,34.12
16:15:05,3030.1,256.57,7.032995,-73.783725,151.04,0.1,-0.07,1.05,-4.39,10.55,69.14,-4.73,0.89,0.53,3330.0,71205.0,2877.79,791.101,0.0017000000000000001,0.0404,0.0067,0.7261,0.6919,4.6724,0.0064,0.0146,33.0,46.79,34.12
16:15:28,3033.1,255.58,7.029284,-73.7997,154.59,-0.06,-0.27,0.76,-3.22,9.96,69.43,-1.54,2.59,1.62,3340.0,71125.0,2886.65,814.453,0.0017000000000000001,0.0406,0.0067,0.7189,0.6861,4.7618,0.006500000000000001,0.0147,33.15,46.47,34.37
16:15:52,3030.5,256.21,7.02504,-73.81666899999999,157.5,0.05,-0.25,0.62,-3.81,9.38,67.97,-4.68,1.28,1.53,3350.0,71150.0,2883.88,838.31,0.0017000000000000001,0.0406,0.0067,0.7189,0.6861,4.7618,0.006500000000000001,0.0147,33.18,46.34,34.37
16:16:16,3046.5,256.16,7.020697,-73.833613,155.61,-0.04,0.24,1.32,-3.81,9.38,68.26,-3.25,0.67,-0.38,3360.0,71047.0,2895.3,862.064,0.0017000000000000001,0.0404,0.0068000000000000005,0.7048000000000001,0.6746,4.6724,0.0064,0.0146,33.29,46.15,34.5
16:16:39,3038.5,257.0,7.017048,-73.84989399999999,156.85,-0.07,0.06,1.21,-3.22,9.67,69.73,-6.2,0.7,1.79,3360.0,71061.0,2893.75,885.416,0.0017000000000000001,0.0404,0.0068000000000000005,0.7048000000000001,0.6746,4.6724,0.0064,0.0146,33.37,45.95,34.5
16:17:03,3000.5,255.48,7.012714999999999,-73.867288,162.13,-0.07,0.03,0.98,-2.34,9.67,69.14,-7.33,1.43,2.35,3370.0,71316.0,2865.5,909.276,0.0017000000000000001,0.0406,0.0068000000000000005,0.6978,0.669,4.7618,0.006500000000000001,0.0147,33.46,45.56,34.62
16:17:27,3009.4,254.45,7.007553,-73.884619,159.03,-0.0,0.01,1.06,-4.1,9.08,67.97,-5.32,0.41,-0.77,3380.0,71258.0,2871.92,933.028,0.0017000000000000001,0.0404,0.0068000000000000005,0.6909000000000001,0.6633,4.6724,0.0064,0.0146,33.54,45.13,34.75
16:17:50,2991.3,263.19,7.004339999999999,-73.901756,163.73,0.14,-0.05,1.01,-3.52,11.43,67.97,-4.18,-0.22,-1.13,3390.0,71403.0,2855.88,956.376,0.0017000000000000001,0.0404,0.0068000000000000005,0.6840999999999999,0.6578,4.6724,0.0064,0.0146,33.61,44.93,34.87
16:18:14,2998.1,265.01,7.002575,-73.919938,163.12,-0.0,-0.21,0.68,-3.81,11.13,68.26,-1.21,4.39,-0.02,3390.0,71378.0,2858.64,980.248,0.0017000000000000001,0.0404,0.0068000000000000005,0.6773,0.6522,4.6724,0.0064,0.0146,33.68,44.77,34.87
16:18:38,3011.0,265.98,7.001288000000001,-73.938163,161.84,-0.02,-0.23,0.79,-3.81,11.43,67.97,-3.72,-0.16,1.79,3400.0,71356.0,2861.07,1003.973,0.0016,0.0404,0.0069,0.6706,0.6467,4.6724,0.0064,0.0146,33.72,44.51,34.87
16:19:01,3003.0,265.96,6.999932,-73.955519,163.64,0.03,-0.11,1.08,-3.52,11.13,68.26,0.34,0.05,0.67,3400.0,71453.0,2850.35,1027.336,0.0016,0.0404,0.0069,0.6706,0.6467,4.6724,0.0064,0.0146,33.79,44.21,35.0
16:19:25,3022.6,266.42,6.998677000000001,-73.97365,161.99,0.02,0.01,0.95,-3.81,12.01,67.97,-1.02,-0.49,2.61,3410.0,71316.0,2865.5,1051.198,0.0016,0.0404,0.0069,0.6639,0.6413,4.6724,0.0064,0.0146,33.86,43.97,35.0
16:19:49,3011.1,264.25,6.997152000000001,-73.991913,163.07,0.04,-0.07,1.17,-3.22,11.43,68.55,-0.69,0.82,0.04,3420.0,71343.0,2862.51,1074.949,0.0016,0.0404,0.0069,0.6573,0.6359,4.6724,0.0064,0.0146,33.93,43.78,35.12
16:20:12,3000.2,266.87,6.995996000000001,-74.0093,163.84,0.12,0.12,1.19,-3.52,11.43,68.85,-6.48,1.4,1.91,3420.0,71409.0,2855.22,1098.298,0.0016,0.0404,0.0069,0.6507999999999999,0.6305,4.6724,0.0064,0.0146,33.98,43.61,35.12
16:20:36,3007.9,266.28,6.994808,-74.027275,159.44,0.04,-0.28,0.7,-3.22,11.43,69.14,-2.3,0.67,0.5,3430.0,71287.0,2868.71,1122.159,0.0016,0.04019999999999999,0.0070999999999999995,0.6443000000000001,0.6252,4.5845,0.0064,0.014499999999999999,34.03,43.41,35.12
16:21:00,3015.4,266.79,6.99374,-74.0451,160.26,-0.03,-0.07,1.02,-3.52,11.13,68.55,-3.56,-3.23,1.47,3430.0,71211.0,2877.12,1145.925,0.0016,0.0404,0.0070999999999999995,0.6443000000000001,0.6252,4.6724,0.0064,0.0146,34.05,43.18,35.25
16:21:23,3019.9,267.1,6.9927,-74.062269,160.61,-0.08,-0.15,0.62,-3.81,11.13,67.97,-2.67,0.44,1.76,3430.0,71216.0,2876.57,1169.281,0.0016,0.0404,0.0070999999999999995,0.6379,0.6199,4.6724,0.0064,0.0146,34.11,42.94,35.25
16:21:47,3009.8,266.36,6.991678,-74.080325,163.46,0.06,0.05,1.41,-3.22,11.72,67.38,-3.39,1.72,3.2,3440.0,71318.0,2865.28,1193.132,0.0016,0.04019999999999999,0.0070999999999999995,0.6315999999999999,0.6147,4.5845,0.0064,0.014499999999999999,34.15,42.85,35.25
16:22:11,3001.9,265.84,6.990291,-74.09853100000001,161.18,-0.04,-0.02,1.12,-3.22,11.13,67.68,-3.27,0.07,-0.21,3440.0,71304.0,2866.83,1216.892,0.0016,0.04019999999999999,0.0070999999999999995,0.6253,0.6095,4.5845,0.0064,0.014499999999999999,34.19,42.57,35.37
16:22:34,3008.5,265.29,6.989116,-74.1157,160.61,-0.06,-0.18,0.69,-3.52,11.43,69.14,-4.69,0.85,1.46,3450.0,71262.0,2871.47,1240.226,0.0016,0.04019999999999999,0.0070999999999999995,0.6253,0.6095,4.5845,0.0064,0.014499999999999999,34.23,42.37,35.37
16:22:58,3006.9,265.03,6.9872369999999995,-74.133513,160.41,-0.1,-0.05,1.05,-3.81,11.13,67.68,-3.97,1.59,2.27,3450.0,71340.0,2862.84,1264.104,0.0016,0.04019999999999999,0.0072,0.6191,0.6043,4.5845,0.0064,0.014499999999999999,34.29,42.31,35.5
16:23:22,3015.8,262.82,6.9856,-74.151388,159.28,0.07,0.07,1.25,-3.22,10.25,68.55,-5.3,2.59,0.21,3460.0,71321.0,2864.95,1287.833,0.0015,0.04019999999999999,0.0072,0.6129,0.5992000000000001,4.5845,0.0064,0.014499999999999999,34.33,42.11,35.5
16:23:45,3001.2,261.18,6.98309,-74.168238,159.96,-0.0,-0.04,0.92,-3.81,10.55,68.26,-5.79,1.59,3.56,3460.0,71386.0,2857.76,1311.201,0.0015,0.04019999999999999,0.0072,0.6129,0.5992000000000001,4.5845,0.0064,0.014499999999999999,34.34,42.04,35.5
16:24:09,2992.0,261.89,6.980457,-74.18588100000001,159.12,0.03,-0.07,1.17,-3.81,9.96,67.97,-1.53,1.95,1.58,3470.0,71411.0,2854.99,1335.067,0.0015,0.04019999999999999,0.0072,0.6068,0.5942000000000001,4.5845,0.0064,0.014499999999999999,34.4,41.88,35.62
16:24:33,2990.1,260.34,6.97765,-74.20353100000001,160.78,0.11,-0.06,1.0,-3.81,9.96,67.97,-3.88,0.87,-0.04,3470.0,71485.0,2846.82,1358.8,0.0015,0.04,0.0072,0.6008,0.5891,4.4982,0.0063,0.0144,34.44,41.67,35.62
16:24:56,2999.5,259.36,6.974506,-74.22035,159.01,-0.04,-0.13,0.8,-3.81,9.96,67.38,-2.29,-1.33,0.7,3470.0,71410.0,2855.11,1382.152,0.0015,0.04,0.0072,0.6008,0.5891,4.4982,0.0063,0.0144,34.48,41.43,35.75
16:25:20,2989.9,259.53,6.971222999999999,-74.237763,160.06,-0.11,0.09,1.12,-4.98,11.72,67.38,-2.31,-1.81,-0.56,3480.0,71482.0,2847.15,1406.029,0.0015,0.04,0.0073,0.5948,0.5841,4.4982,0.0063,0.0144,34.53,41.3,35.62
16:25:44,2989.0,259.29,6.967873,-74.2553,157.83,0.19,-0.08,0.98,-2.93,6.74,67.38,-4.95,1.69,-0.3,3480.0,71449.0,2850.8,1429.756,0.0015,0.04,0.0073,0.5889,0.5792,4.4982,0.0063,0.0144,34.54,40.99,35.62
16:26:07,2985.4,256.65,6.964322999999999,-74.271744,157.72,0.07,0.08,0.97,-2.93,6.15,67.38,-4.87,0.87,-1.91,3480.0,71496.0,2845.61,1453.116,0.0015,0.04,0.0073,0.583,0.5743,4.4982,0.0063,0.0144,34.57,40.82,35.75
16:26:31,2983.4,258.66,6.96053,-74.28899399999999,158.03,0.11,-0.01,0.92,-2.93,7.32,67.68,-2.43,1.8,0.5,3490.0,71507.0,2844.39,1476.983,0.0015,0.04,0.0073,0.583,0.5743,4.4982,0.0063,0.0144,34.61,40.62,35.75
16:26:55,2983.3,257.86,6.957028,-74.30625,158.06,-0.03,0.03,0.98,-2.64,7.03,67.09,-5.53,0.16,1.02,3490.0,71537.0,2841.08,1500.738,0.0015,0.0398,0.0073,0.5771999999999999,0.5694,4.4133,0.0063,0.0143,34.65,40.38,35.75
16:27:18,2975.7,259.82,6.953639999999999,-74.32283100000001,157.74,0.27,-0.02,0.82,-3.52,6.45,66.8,-3.75,1.81,-2.2,3490.0,71603.0,2833.8,1524.088,0.0015,0.0398,0.0073,0.5771999999999999,0.5694,4.4133,0.0063,0.0143,34.68,40.21,35.87
16:27:42,2969.2,259.47,6.950803,-74.34026300000001,158.33,0.03,-0.04,1.05,-2.64,7.03,67.38,-6.63,1.17,0.34,3500.0,71668.0,2826.64,1547.947,0.0015,0.0398,0.0075,0.5714,0.5646,4.4133,0.0063,0.0143,34.72,40.0,35.87
16:28:06,2964.8,260.21,6.947794999999999,-74.357613,154.71,-0.19,-0.28,1.19,-2.93,6.45,66.8,-1.72,-2.46,-0.08,3500.0,71675.0,2825.87,1571.697,0.0015,0.039599999999999996,0.0075,0.5657,0.5598,4.33,0.0062,0.014199999999999999,34.76,39.83,35.87
16:28:29,2957.4,261.08,6.945166,-74.373906,155.76,0.14,-0.04,0.96,-3.22,7.62,67.09,-4.35,-0.92,-0.69,3500.0,71712.0,2821.79,1595.054,0.0015,0.0394,0.0075,0.5544,0.5503,4.2481,0.0062,0.0141,34.79,39.69,36.0
16:28:53,2989.0,257.11,6.94195,-74.390519,150.95,0.06,-0.04,1.0,-2.64,7.62,65.63,-3.52,-2.15,3.92,3510.0,71467.0,2848.81,1618.925,0.0014000000000000002,0.0394,0.0075,0.5489,0.5456,4.2481,0.0062,0.0141,34.82,39.52,36.0
22:24:40,1356.9,145.31,6.1659,-75.422494,0.0,-0.03,-0.03,0.99,51.56,-33.69,77.34,-3.59,0.68,0.47,2620.0,79021.0,2048.16,497.77,0.0006,0.0097,0.009300000000000001,0.1618,0.1934,0.024,0.0007000000000000001,0.0022,25.46,54.14,27.75
22:25:04,1356.9,145.31,6.1659,-75.422494,0.0,-0.02,-0.03,1.0,51.27,-33.98,76.17,-3.58,0.66,0.31,2640.0,79013.0,2048.98,521.508,0.0006,0.0098,0.009399999999999999,0.1545,0.18600000000000003,0.024900000000000002,0.0007000000000000001,0.0023,25.57,54.03,27.87
22:25:27,1356.9,145.31,6.1659,-75.422494,0.0,-0.03,-0.03,0.99,51.27,-33.69,76.17,-3.53,0.8,0.31,2630.0,79011.0,2049.18,544.826,0.0006,0.0098,0.0096,0.1459,0.1771,0.024900000000000002,0.0007000000000000001,0.0023,25.65,53.75,27.87
22:25:51,1356.9,145.31,6.1659,-75.422494,0.0,-0.03,-0.02,1.0,50.98,-33.69,75.88,-3.54,0.64,0.66,2650.0,79012.0,2049.08,568.726,0.0006,0.0098,0.0097,0.1376,0.1685,0.024900000000000002,0.0007000000000000001,0.0023,25.72,53.57,28.0
22:26:15,1356.9,145.31,6.1659,-75.422494,0.0,-0.02,-0.03,0.99,51.27,-33.69,76.46,-3.53,0.78,0.6,2650.0,79002.0,2050.1,592.487,0.0006,0.0097,0.009899999999999999,0.1297,0.1603,0.024,0.0007000000000000001,0.0022,25.79,53.36,28.0
22:26:38,1356.9,145.31,6.1659,-75.422494,0.0,-0.02,-0.03,1.0,51.27,-33.69,76.46,-3.5,1.02,0.45,2650.0,79020.0,2048.26,615.801,0.0005,0.0098,0.01,0.12369999999999999,0.154,0.024900000000000002,0.0007000000000000001,0.0023,25.86,53.12,28.0
22:27:02,1356.9,145.31,6.1659,-75.422494,0.0,-0.03,-0.03,0.99,51.56,-34.28,76.17,-3.67,0.66,0.47,2660.0,79014.0,2048.87,639.702,0.0005,0.0095,0.0101,0.1151,0.1449,0.0223,0.0007000000000000001,0.0022,25.91,53.0,28.12
22:27:26,1356.9,145.31,6.1659,-75.422494,0.0,-0.03,-0.03,0.99,51.27,-34.28,76.17,-3.3,0.89,0.75,2660.0,79014.0,2048.87,663.456,0.0005,0.0096,0.0101,0.111,0.1405,0.0231,0.0007000000000000001,0.0022,25.97,52.81,28.12
22:27:49,1356.9,145.31,6.1659,-75.422494,0.0,-0.03,-0.03,0.99,51.27,-33.69,75.88,-3.4,0.87,0.34,2660.0,79016.0,2048.67,686.777,0.0005,0.0096,0.0103,0.107,0.1362,0.0231,0.0007000000000000001,0.0022,26.01,52.69,28.12
22:28:13,1356.9,145.31,6.1659,-75.422494,0.0,-0.03,-0.03,1.0,51.27,-33.69,75.88,-3.35,0.69,0.47,2670.0,79013.0,2048.98,710.671,0.0005,0.0095,0.0104,0.1032,0.132,0.0223,0.0007000000000000001,0.0022,26.07,52.57,28.25
22:28:37,1356.9,145.31,6.1659,-75.422494,0.0,-0.03,-0.03,0.99,50.68,-33.69,76.17,-3.44,0.89,0.36,2680.0,79007.0,2049.59,734.415,0.0005,0.009399999999999999,0.0106,0.09820000000000001,0.1266,0.021400000000000002,0.0007000000000000001,0.0021,26.11,52.48,28.25
22:29:00,1356.9,145.31,6.1659,-75.422494,0.0,-0.03,-0.03,0.99,50.68,-33.69,75.88,-3.19,0.95,0.88,2680.0,79018.0,2048.47,757.735,0.0004,0.009399999999999999,0.0106,0.0946,0.1226,0.021400000000000002,0.0007000000000000001,0.0021,26.14,52.39,28.25
22:29:24,1356.9,145.31,6.1659,-75.422494,0.0,-0.03,-0.03,0.99,51.86,-33.98,77.05,-3.55,0.95,0.47,2680.0,79016.0,2048.67,781.643,0.0004,0.009399999999999999,0.010700000000000001,0.09,0.1175,0.021400000000000002,0.0007000000000000001,0.0021,26.18,52.3,28.37
22:29:48,1356.9,145.31,6.1659,-75.422494,0.0,-0.03,-0.03,0.99,52.15,-33.4,76.76,-3.6,0.62,0.46,2680.0,79016.0,2048.67,805.391,0.0004,0.009399999999999999,0.0109,0.0877,0.115,0.021400000000000002,0.0007000000000000001,0.0021,26.22,52.15,28.25
22:30:11,1356.9,145.31,6.1659,-75.422494,0.0,-0.03,-0.03,0.99,51.56,-33.69,76.46,-3.36,0.99,0.57,2680.0,79008.0,2049.48,828.693,0.0004,0.009300000000000001,0.0109,0.08439999999999999,0.11130000000000001,0.0206,0.0007000000000000001,0.0021,26.26,52.05,28.25
22:30:35,1356.9,145.31,6.1659,-75.422494,0.0,-0.03,-0.03,0.99,51.56,-33.69,76.17,-3.36,0.61,0.66,2680.0,79014.0,2048.87,852.592,0.0004,0.0091,0.011200000000000002,0.07919999999999999,0.1054,0.0184,0.0007000000000000001,0.002,26.29,51.96,28.37
22:30:59,1356.9,145.31,6.1659,-75.422494,0.0,-0.03,-0.03,0.99,50.68,-33.4,76.46,-3.33,0.67,0.6,2690.0,79024.0,2047.86,876.329,0.0004,0.009300000000000001,0.011200000000000002,0.07919999999999999,0.1054,0.0206,0.0007000000000000001,0.0021,26.32,51.9,28.37
22:31:22,1356.9,145.31,6.1659,-75.422494,0.0,-0.03,-0.02,0.99,51.27,-33.69,76.17,-3.58,0.63,0.75,2690.0,79023.0,2047.96,899.641,0.0004,0.0092,0.0113,0.0762,0.102,0.0199,0.0007000000000000001,0.0021,26.33,51.81,28.5
22:31:46,1356.9,145.31,6.1659,-75.422494,0.0,-0.03,-0.03,1.0,51.56,-33.11,76.46,-3.56,0.93,0.39,2700.0,79009.0,2049.38,923.565,0.0004,0.0092,0.0113,0.0742,0.0998,0.0199,0.0007000000000000001,0.0021,26.37,51.79,28.5
22:32:10,1356.9,145.31,6.1659,-75.422494,0.0,-0.03,-0.03,0.99,51.27,-33.98,77.05,-3.52,0.72,0.76,2700.0,79014.0,2048.87,947.32,0.0004,0.0092,0.011399999999999999,0.0723,0.09759999999999999,0.0199,0.0007000000000000001,0.0021,26.39,51.66,28.37
22:32:33,1356.9,145.31,6.1659,-75.422494,0.0,-0.03,-0.03,0.99,51.56,-33.98,76.17,-3.53,0.63,0.55,2700.0,79020.0,2048.26,970.607,0.0004,0.0092,0.011399999999999999,0.0695,0.0943,0.0191,0.0007000000000000001,0.0021,26.43,51.6,28.5
22:32:57,1356.9,145.31,6.1659,-75.422494,0.0,-0.02,-0.03,0.99,51.27,-33.98,75.88,-3.45,0.85,0.18,2700.0,79025.0,2047.75,994.52,0.0004,0.0092,0.0116,0.0676,0.0922,0.0191,0.0007000000000000001,0.0021,26.43,51.51,28.5
22:33:21,1356.9,145.31,6.1659,-75.422494,0.0,-0.03,-0.03,0.99,51.56,-33.69,76.76,-3.4,0.93,0.37,2700.0,79021.0,2048.16,1018.284,0.0004,0.0091,0.011699999999999999,0.0659,0.0902,0.0184,0.0007000000000000001,0.002,26.46,51.41,28.5
22:33:44,1356.9,145.31,6.1659,-75.422494,0.0,-0.03,-0.03,0.99,50.98,-33.98,76.17,-3.56,0.73,0.57,2700.0,79023.0,2047.96,1041.595,0.0003,0.0092,0.011699999999999999,0.0641,0.08810000000000001,0.0191,0.0007000000000000001,0.0021,26.5,51.41,28.62
22:34:08,1356.9,145.31,6.1659,-75.422494,0.0,-0.03,-0.03,1.0,51.86,-33.69,76.46,-3.51,0.79,0.78,2710.0,79017.0,2048.57,1065.508,0.0003,0.0088,0.011899999999999999,0.0599,0.0832,0.016399999999999998,0.0006,0.002,26.5,51.22,28.62
22:34:32,1356.9,145.31,6.1659,-75.422494,0.0,-0.03,-0.03,1.0,51.27,-33.98,75.88,-3.58,1.01,0.46,2700.0,79021.0,2048.16,1089.249,0.0003,0.0091,0.011899999999999999,0.0616,0.0851,0.0184,0.0007000000000000001,0.002,26.53,51.23,28.62
22:34:56,1356.9,145.31,6.1659,-75.422494,0.0,-0.03,-0.03,0.99,51.56,-33.98,76.46,-3.19,0.91,0.47,2700.0,79034.0,2046.84,1113.563,0.0003,0.0091,0.012,0.0599,0.0832,0.0184,0.0007000000000000001,0.002,26.53,51.23,28.5
22:35:20,1356.9,145.31,6.1659,-75.422494,0.0,-0.03,-0.02,0.99,50.98,-34.28,76.17,-3.4,0.81,0.55,2700.0,79018.0,2048.47,1137.468,0.0003,0.0091,0.012,0.0583,0.08130000000000001,0.0184,0.0007000000000000001,0.002,26.54,51.16,28.5
22:35:44,1356.9,145.31,6.1659,-75.422494,0.0,-0.03,-0.03,1.0,51.86,-34.28,76.17,-3.42,0.91,0.62,2700.0,79027.0,2047.55,1161.216,0.0003,0.0091,0.012199999999999999,0.0567,0.0794,0.0184,0.0007000000000000001,0.002,26.57,51.1,28.5
22:36:07,1356.9,145.31,6.1659,-75.422494,0.0,-0.03,-0.03,0.99,50.98,-33.4,76.17,-3.44,0.83,0.43,2710.0,79019.0,2048.37,1184.52,0.0003,0.009000000000000001,0.012199999999999999,0.0559,0.0785,0.0177,0.0006,0.002,26.55,51.04,28.62
22:36:31,1356.9,145.31,6.1659,-75.422494,0.0,-0.03,-0.03,0.99,50.98,-33.98,76.17,-3.52,0.51,0.43,2710.0,79030.0,2047.25,1208.419,0.0003,0.009000000000000001,0.0123,0.054400000000000004,0.0766,0.0177,0.0006,0.002,26.58,50.88,28.62
22:36:55,1356.9,145.31,6.1659,-75.422494,0.0,-0.03,-0.03,1.0,51.27,-33.69,76.76,-3.48,0.72,0.27,2710.0,79024.0,2047.86,1232.172,0.0003,0.009000000000000001,0.0123,0.0529,0.0748,0.0177,0.0006,0.002,26.58,50.88,28.5
22:37:18,1356.9,145.31,6.1659,-75.422494,0.0,-0.03,-0.03,0.99,51.27,-33.69,76.46,-3.5,0.77,0.32,2700.0,79038.0,2046.43,1255.484,0.0003,0.0086,0.0125,0.05,0.0713,0.0151,0.0006,0.0019,26.61,50.95,28.62
22:37:42,1356.9,145.31,6.1659,-75.422494,0.0,-0.03,-0.03,1.0,50.98,-33.98,76.17,-3.65,0.88,0.43,2710.0,79026.0,2047.65,1279.407,0.0003,0.0089,0.0125,0.0507,0.0722,0.017,0.0006,0.002,26.61,50.79,28.62
22:38:06,1356.9,145.31,6.1659,-75.422494,0.0,-0.03,-0.03,1.0,51.27,-33.4,76.76,-3.48,0.72,0.3,2710.0,79030.0,2047.25,1303.15,0.0003,0.0091,0.0125,0.0507,0.0722,0.0184,0.0007000000000000001,0.002,26.64,50.76,28.62
22:38:29,1356.9,145.31,6.1659,-75.422494,0.0,-0.03,-0.03,1.0,51.56,-33.4,76.17,-3.59,1.08,0.62,2710.0,79026.0,2047.65,1326.457,0.0003,0.0091,0.0126,0.05,0.0713,0.0184,0.0007000000000000001,0.002,26.64,50.79,28.75
22:38:53,1356.9,145.31,6.1659,-75.422494,0.0,-0.03,-0.03,0.99,50.98,-33.4,75.88,-3.4,0.69,0.61,2710.0,79033.0,2046.94,1350.371,0.0003,0.009000000000000001,0.0126,0.0493,0.0705,0.0177,0.0006,0.002,26.66,50.73,28.75
22:39:17,1356.9,145.31,6.1659,-75.422494,0.0,-0.03,-0.03,1.0,51.56,-32.81,76.46,-3.53,1.05,0.7,2710.0,79034.0,2046.84,1374.111,0.0003,0.009000000000000001,0.0128,0.048600000000000004,0.0696,0.0177,0.0006,0.002,26.66,50.7,28.75
22:39:40,1356.9,145.31,6.1659,-75.422494,0.0,-0.03,-0.03,0.99,50.98,-33.69,75.59,-3.63,0.66,0.55,2720.0,79029.0,2047.35,1397.423,0.0003,0.009000000000000001,0.0128,0.0472,0.068,0.0177,0.0006,0.002,26.68,50.77,28.75
22:40:04,1356.9,145.31,6.1659,-75.422494,0.0,-0.03,-0.03,0.99,51.27,-34.28,76.17,-3.56,0.79,0.29,2710.0,79034.0,2046.84,1421.338,0.0003,0.0091,0.0129,0.0472,0.068,0.0184,0.0007000000000000001,0.002,26.68,50.64,28.62
22:40:28,2132.0,160.53,6.166543,-75.420781,1.02,-0.03,-0.03,0.99,51.27,-34.28,76.17,-3.59,0.89,0.43,2720.0,79035.0,2046.74,1445.085,0.0003,0.009000000000000001,0.0129,0.045899999999999996,0.0663,0.0177,0.0006,0.002,26.68,50.64,28.75
22:40:51,2132.7,148.12,6.1665019999999995,-75.420763,0.0,-0.03,-0.03,0.99,51.27,-33.98,75.88,-3.5,1.32,0.48,2720.0,79031.0,2047.14,1468.375,0.0003,0.0087,0.0129,0.0433,0.06309999999999999,0.0158,0.0006,0.0019,26.66,50.67,28.62
22:41:15,2132.7,148.12,6.1665019999999995,-75.420763,0.0,-0.03,-0.03,0.99,50.98,-33.4,76.17,-3.29,0.79,0.56,2720.0,79031.0,2047.14,1492.288,0.0003,0.009000000000000001,0.0131,0.044500000000000005,0.0647,0.0177,0.0006,0.002,26.68,50.64,28.62
22:41:39,2132.7,148.12,6.1665019999999995,-75.420763,0.0,-0.03,-0.03,0.99,50.98,-33.98,76.46,-3.33,0.69,0.44,2710.0,79026.0,2047.65,1516.033,0.0003,0.009000000000000001,0.0131,0.043899999999999995,0.0639,0.0177,0.0006,0.002,26.66,50.6,28.62
22:42:02,2132.7,148.12,6.1665019999999995,-75.420763,0.0,-0.03,-0.02,0.99,51.27,-34.28,76.46,-3.55,0.82,0.52,2710.0,79032.0,2047.04,1539.325,0.0003,0.0089,0.0131,0.0426,0.0623,0.017,0.0006,0.002,26.68,50.6,28.62
22:42:26,2132.7,148.12,6.1665019999999995,-75.420763,0.0,-0.03,-0.03,0.99,51.86,-33.69,76.17,-3.56,0.76,0.56,2720.0,79039.0,2046.33,1563.258,0.0003,0.0089,0.0132,0.0426,0.0623,0.017,0.0006,0.002,26.71,50.64,28.75
22:42:50,2132.7,148.12,6.1665019999999995,-75.420763,0.0,-0.03,-0.03,0.99,51.27,-33.69,76.17,-3.31,0.64,0.65,2710.0,79036.0,2046.63,1587.005,0.0003,0.0089,0.0132,0.042,0.061500000000000006,0.017,0.0006,0.002,26.69,50.57,28.75
22:43:13,2132.7,148.12,6.1665019999999995,-75.420763,0.0,-0.03,-0.03,0.99,51.27,-33.69,75.59,-3.46,0.65,0.43,2710.0,79019.0,2048.37,1610.304,0.0003,0.0089,0.0132,0.0414,0.0608,0.017,0.0006,0.002,26.68,50.6,28.75
22:43:37,2132.7,148.12,6.1665019999999995,-75.420763,0.0,-0.03,-0.03,0.99,51.27,-33.98,76.17,-3.46,0.93,0.47,2720.0,79032.0,2047.04,1634.225,0.0003,0.009000000000000001,0.0134,0.0414,0.0608,0.0177,0.0006,0.002,26.71,50.54,28.62
22:44:01,2132.7,148.12,6.1665019999999995,-75.420763,0.0,-0.03,-0.04,0.99,50.68,-33.69,76.46,-3.34,0.79,0.38,2720.0,79039.0,2046.33,1657.977,0.0003,0.009000000000000001,0.0134,0.0408,0.06,0.0177,0.0006,0.002,26.69,50.54,28.75
22:44:24,2132.7,148.12,6.1665019999999995,-75.420763,0.0,-0.03,-0.03,0.99,50.98,-33.98,75.88,-3.49,0.76,0.6,2720.0,79035.0,2046.74,1681.273,0.0002,0.0086,0.013500000000000002,0.0384,0.057,0.0151,0.0006,0.0019,26.68,50.57,28.75
22:44:48,2132.7,148.12,6.1665019999999995,-75.420763,0.0,-0.03,-0.03,0.99,50.98,-33.11,75.88,-3.46,0.84,0.56,2730.0,79040.0,2046.23,1705.206,0.0002,0.0089,0.013500000000000002,0.039,0.057800000000000004,0.017,0.0006,0.002,26.69,50.54,28.62
22:45:12,2132.7,148.12,6.1665019999999995,-75.420763,0.0,-0.03,-0.02,0.99,51.27,-33.11,76.17,-3.49,0.76,0.56,2720.0,79042.0,2046.02,1728.943,0.0002,0.0089,0.013500000000000002,0.0384,0.057,0.017,0.0006,0.002,26.72,50.48,28.75
22:45:35,2132.7,148.12,6.1665019999999995,-75.420763,0.0,-0.03,-0.03,0.99,51.56,-33.69,75.88,-3.56,0.86,0.47,2720.0,79045.0,2045.72,1752.256,0.0002,0.0089,0.0137,0.0384,0.057,0.017,0.0006,0.002,26.72,50.48,28.75
22:45:59,2132.7,148.12,6.1665019999999995,-75.420763,0.0,-0.02,-0.03,0.99,51.27,-33.69,75.88,-3.7,0.54,0.34,2720.0,79039.0,2046.33,1776.152,0.0002,0.0088,0.0137,0.0373,0.0556,0.016399999999999998,0.0006,0.002,26.76,50.42,28.75
22:46:23,2132.7,148.12,6.1665019999999995,-75.420763,0.0,-0.03,-0.03,0.99,51.27,-33.69,76.46,-3.47,0.78,0.67,2730.0,79037.0,2046.53,1799.907,0.0002,0.0088,0.0137,0.0373,0.0556,0.016399999999999998,0.0006,0.002,26.72,50.45,28.87
22:46:46,2132.7,148.12,6.1665019999999995,-75.420763,0.0,-0.03,-0.03,1.0,51.27,-33.69,75.88,-3.49,0.61,0.63,2730.0,79047.0,2045.51,1823.21,0.0002,0.0088,0.0138,0.036699999999999997,0.054900000000000004,0.016399999999999998,0.0006,0.002,26.71,50.38,28.62
22:47:10,2132.7,148.12,6.1665019999999995,-75.420763,0.0,-0.02,-0.03,1.0,50.68,-33.98,75.88,-3.46,0.72,0.91,2720.0,79042.0,2046.02,1847.123,0.0002,0.0087,0.0138,0.0361,0.0542,0.0158,0.0006,0.0019,26.72,50.35,28.62
22:47:34,2132.7,148.12,6.1665019999999995,-75.420763,0.0,-0.03,-0.03,0.99,51.86,-33.4,76.17,-3.59,1.08,0.56,2720.0,79042.0,2046.02,1870.873,0.0002,0.0085,0.013999999999999999,0.0345,0.0521,0.0146,0.0006,0.0019,26.75,50.29,28.62
22:47:57,2132.7,148.12,6.1665019999999995,-75.420763,0.0,-0.02,-0.03,0.99,51.56,-33.4,76.46,-3.5,0.64,0.19,2720.0,79045.0,2045.72,1894.168,0.0002,0.0084,0.013999999999999999,0.0335,0.0507,0.013999999999999999,0.0006,0.0018,26.76,50.23,28.62
22:48:21,2132.7,148.12,6.1665019999999995,-75.420763,0.0,-0.03,-0.03,1.0,50.68,-33.98,75.59,-3.56,0.95,0.53,2730.0,79048.0,2045.41,1918.091,0.0002,0.0088,0.0141,0.035,0.0528,0.016399999999999998,0.0006,0.002,26.73,50.29,28.75
22:48:45,2132.7,148.12,6.1665019999999995,-75.420763,0.0,-0.03,-0.03,1.0,50.39,-33.98,76.46,-3.62,0.77,0.5,2730.0,79046.0,2045.62,1941.829,0.0002,0.0087,0.0141,0.034,0.051399999999999994,0.0158,0.0006,0.0019,26.73,50.29,28.75
22:49:08,2132.7,148.12,6.1665019999999995,-75.420763,0.0,-0.03,-0.03,0.99,51.27,-33.69,75.88,-3.38,0.63,0.4,2730.0,79043.0,2045.92,1965.145,0.0002,0.0087,0.0141,0.034,0.051399999999999994,0.0158,0.0006,0.0019,26.73,50.29,28.75
22:49:32,2132.7,148.12,6.1665019999999995,-75.420763,0.0,-0.03,-0.03,0.99,50.98,-33.11,75.88,-3.48,0.65,0.59,2720.0,79045.0,2045.72,1989.055,0.0002,0.0086,0.0143,0.0335,0.0507,0.0151,0.0006,0.0019,26.76,50.29,28.75
22:49:56,2132.7,148.12,6.1665019999999995,-75.420763,0.0,-0.03,-0.03,0.99,51.27,-34.28,76.46,-3.26,0.8,0.53,2720.0,79045.0,2045.72,2012.809,0.0002,0.0087,0.0143,0.0329,0.0501,0.0158,0.0006,0.0019,26.75,50.29,28.75
22:50:19,2132.7,148.12,6.1665019999999995,-75.420763,0.0,-0.02,-0.03,0.99,50.68,-33.69,76.17,-3.5,0.61,0.6,2720.0,79052.0,2045.0,2036.109,0.0002,0.0086,0.0143,0.032400000000000005,0.049400000000000006,0.0151,0.0006,0.0019,26.73,50.29,28.62
22:50:43,2132.7,148.12,6.1665019999999995,-75.420763,0.0,-0.03,-0.03,1.0,50.98,-34.28,76.46,-3.52,0.68,0.76,2730.0,79050.0,2045.21,2060.03,0.0002,0.0086,0.0144,0.0319,0.0487,0.0151,0.0006,0.0019,26.73,50.29,28.75
22:51:07,2132.7,148.12,6.1665019999999995,-75.420763,0.0,-0.03,-0.03,1.0,50.98,-33.11,76.76,-3.47,0.63,0.54,2730.0,79045.0,2045.72,2083.761,0.0002,0.0083,0.0144,0.03,0.0462,0.0134,0.0006,0.0018,26.76,50.29,28.75
22:51:30,2132.7,148.12,6.1665019999999995,-75.420763,0.0,-0.03,-0.03,0.99,51.27,-33.4,76.17,-3.7,0.83,0.67,2730.0,79043.0,2045.92,2107.064,0.0002,0.0086,0.0144,0.0304,0.046799999999999994,0.0151,0.0006,0.0019,26.78,50.26,28.75
22:51:54,2132.7,148.12,6.1665019999999995,-75.420763,0.0,-0.03,-0.03,1.0,51.86,-33.69,76.17,-3.31,0.96,0.52,2720.0,79047.0,2045.51,2130.97,0.0002,0.0086,0.0146,0.030899999999999997,0.047400000000000005,0.0151,0.0006,0.0019,26.76,50.29,28.62
22:52:18,2132.7,148.12,6.1665019999999995,-75.420763,0.0,-0.03,-0.03,1.0,51.27,-33.98,76.17,-3.52,0.7,0.21,2720.0,79047.0,2045.51,2154.725,0.0002,0.0085,0.0146,0.0304,0.046799999999999994,0.0146,0.0006,0.0019,26.76,50.29,28.62
22:52:41,2132.7,148.12,6.1665019999999995,-75.420763,0.0,-0.03,-0.03,1.0,51.56,-33.98,76.17,-3.44,0.76,0.27,2720.0,79053.0,2044.9,2178.029,0.0002,0.0085,0.0146,0.0304,0.046799999999999994,0.0146,0.0006,0.0019,26.73,50.29,28.75
22:53:05,2132.7,148.12,6.1665019999999995,-75.420763,0.0,-0.03,-0.03,1.0,50.68,-33.98,76.17,-3.58,0.69,0.39,2710.0,79052.0,2045.0,2201.925,0.0002,0.0085,0.0146,0.029500000000000002,0.045599999999999995,0.0146,0.0006,0.0019,26.75,50.29,28.62
22:53:29,2132.7,148.12,6.1665019999999995,-75.420763,0.0,-0.02,-0.03,0.99,51.56,-33.98,76.46,-3.5,0.78,0.63,2720.0,79062.0,2043.99,2225.687,0.0002,0.0085,0.0147,0.03,0.0462,0.0146,0.0006,0.0019,26.75,50.32,28.75
22:53:52,2132.7,148.12,6.1665019999999995,-75.420763,0.0,-0.03,-0.03,1.0,51.27,-33.98,76.17,-3.49,0.94,0.67,2720.0,79048.0,2045.41,2248.992,0.0002,0.0085,0.0147,0.029500000000000002,0.045599999999999995,0.0146,0.0006,0.0019,26.76,50.23,28.75
22:54:16,2132.7,148.12,6.1665019999999995,-75.420763,0.0,-0.03,-0.03,0.99,51.27,-33.98,76.46,-3.25,0.84,0.33,2720.0,79063.0,2043.89,2272.888,0.0002,0.0085,0.0147,0.029500000000000002,0.045599999999999995,0.0146,0.0006,0.0019,26.75,50.26,28.75
22:54:40,2132.7,148.12,6.1665019999999995,-75.420763,0.0,-0.03,-0.03,1.0,51.27,-33.4,75.88,-3.61,0.97,1.07,2730.0,79052.0,2045.0,2296.645,0.0002,0.008199999999999999,0.0149,0.0276,0.0431,0.0129,0.0006,0.0018,26.73,50.19,28.62
22:55:03,2132.7,148.12,6.1665019999999995,-75.420763,0.0,-0.03,-0.03,0.99,50.98,-33.69,75.88,-3.54,0.68,0.82,2720.0,79054.0,2044.8,2319.951,0.0002,0.0084,0.0149,0.0281,0.0437,0.013999999999999999,0.0006,0.0018,26.75,50.16,28.62
22:55:27,2132.7,148.12,6.1665019999999995,-75.420763,0.0,-0.03,-0.03,0.99,50.98,-33.69,76.17,-3.4,0.98,0.53,2730.0,79075.0,2042.67,2343.857,0.0002,0.0084,0.015,0.0281,0.0437,0.013999999999999999,0.0006,0.0018,26.75,50.16,28.75
22:55:51,2132.7,148.12,6.1665019999999995,-75.420763,0.0,-0.03,-0.03,1.0,50.98,-33.69,75.88,-3.31,0.82,0.35,2720.0,79055.0,2044.7,2367.599,0.0002,0.0083,0.015,0.0276,0.0431,0.0134,0.0006,0.0018,26.78,50.03,28.75
22:56:14,2132.7,148.12,6.1665019999999995,-75.420763,0.0,-0.02,-0.03,1.0,51.27,-33.98,75.29,-3.51,0.95,0.43,2720.0,79051.0,2045.11,2390.919,0.0002,0.0083,0.0152,0.027200000000000002,0.0425,0.0134,0.0006,0.0018,26.75,50.03,28.62
22:56:38,2144.4,337.62,6.16674,-75.420988,0.0,-0.03,-0.03,0.99,50.98,-33.98,75.88,-3.52,0.78,0.54,2730.0,79058.0,2044.39,2414.829,0.0002,0.008199999999999999,0.0152,0.026699999999999998,0.04190000000000001,0.0129,0.0006,0.0018,26.73,50.06,28.75
22:57:02,2144.4,337.62,6.16674,-75.420988,0.0,-0.03,-0.03,0.99,51.56,-33.98,76.46,-3.38,0.79,0.5,2720.0,79057.0,2044.5,2438.583,0.0002,0.008199999999999999,0.0154,0.0263,0.041299999999999996,0.01,0.0005,0.0016,26.75,50.0,28.75
22:57:25,2144.4,337.62,6.16674,-75.420988,0.0,-0.03,-0.02,1.0,51.27,-33.4,76.17,-3.45,1.05,0.6,2720.0,79059.0,2044.29,2461.883,0.0002,0.008199999999999999,0.0154,0.0263,0.041299999999999996,0.0129,0.0006,0.0018,26.76,49.94,28.75
22:57:49,2145.1,125.1,6.166682,-75.420906,0.0,-0.03,-0.03,0.99,50.98,-33.69,75.59,-3.42,0.72,0.56,2720.0,79056.0,2044.6,2485.805,0.0002,0.008100000000000001,0.0155,0.0259,0.0408,0.0124,0.0006,0.0018,26.75,49.96,28.75
22:58:13,2145.1,125.1,6.166682,-75.420906,0.0,-0.03,-0.03,0.99,51.27,-33.98,76.46,-3.59,0.71,0.52,2730.0,79059.0,2044.29,2509.54,0.0002,0.008100000000000001,0.0155,0.0254,0.04019999999999999,0.0124,0.0006,0.0018,26.73,49.97,28.62
22:58:36,2145.1,125.1,6.166682,-75.420906,0.0,-0.03,-0.03,1.0,51.27,-33.98,75.88,-3.49,0.69,0.55,2730.0,79066.0,2043.58,2532.845,0.0002,0.0084,0.0155,0.0263,0.041299999999999996,0.013999999999999999,0.0006,0.0018,26.79,50.0,28.87
22:59:00,2145.1,125.1,6.166682,-75.420906,0.0,-0.04,-0.02,0.99,51.27,-33.4,76.17,-3.72,0.72,0.47,2720.0,79071.0,2043.07,2556.759,0.0002,0.0087,0.0155,0.0276,0.0431,0.0158,0.0006,0.0019,26.75,50.0,28.62
22:59:24,2145.1,125.1,6.166682,-75.420906,0.0,-0.03,-0.03,0.99,51.27,-33.98,75.88,-3.72,0.68,0.15,2720.0,79064.0,2043.78,2580.514,0.0002,0.0087,0.0155,0.027200000000000002,0.0425,0.0158,0.0006,0.0019,26.76,49.97,28.75
22:59:47,2145.1,125.1,6.166682,-75.420906,0.0,-0.03,-0.03,1.0,51.56,-34.28,75.88,-3.49,0.84,0.37,2720.0,79069.0,2043.28,2603.809,0.0002,0.0087,0.0155,0.026699999999999998,0.04190000000000001,0.0158,0.0006,0.0019,26.76,49.97,28.75
23:00:11,2145.1,125.1,6.166682,-75.420906,0.0,-0.03,-0.02,0.99,50.68,-33.69,76.76,-3.64,0.67,0.47,2720.0,79056.0,2044.6,2627.724,0.0002,0.0087,0.0155,0.026699999999999998,0.04190000000000001,0.0158,0.0006,0.0019,26.76,50.03,28.62
23:00:35,2145.1,125.1,6.166682,-75.420906,0.0,-0.03,-0.03,1.0,51.56,-33.11,76.17,-3.5,0.66,0.27,2730.0,79067.0,2043.48,2651.478,0.0002,0.0087,0.015700000000000002,0.026699999999999998,0.04190000000000001,0.0158,0.0006,0.0019,26.76,50.0,28.87
23:00:58,2145.1,125.1,6.166682,-75.420906,0.0,-0.03,-0.03,0.99,50.98,-33.98,75.59,-3.62,1.3,0.6,2720.0,79073.0,2042.87,2674.774,0.0002,0.0087,0.015700000000000002,0.026699999999999998,0.04190000000000001,0.0158,0.0006,0.0019,26.76,50.03,28.75
23:01:22,2145.1,125.1,6.166682,-75.420906,0.0,-0.02,-0.03,0.99,51.27,-33.4,76.46,-3.52,0.82,0.42,2720.0,79065.0,2043.68,2698.705,0.0002,0.0083,0.0158,0.0246,0.0391,0.0134,0.0006,0.0018,26.76,50.0,28.62
23:01:46,2145.1,125.1,6.166682,-75.420906,0.0,-0.03,-0.03,0.99,51.27,-33.98,76.46,-3.23,0.49,0.28,2730.0,79058.0,2044.39,2722.45,0.0002,0.0084,0.015700000000000002,0.025,0.039599999999999996,0.013999999999999999,0.0006,0.0018,26.73,50.0,28.75
23:02:09,2145.1,125.1,6.166682,-75.420906,0.0,-0.03,-0.03,0.99,51.56,-33.4,76.17,-3.34,0.85,0.53,2730.0,79072.0,2042.97,2745.741,0.0002,0.0086,0.0158,0.0254,0.04019999999999999,0.0151,0.0006,0.0019,26.76,49.93,28.75
23:02:33,2145.1,125.1,6.166682,-75.420906,0.0,-0.03,-0.03,0.99,51.27,-33.69,75.88,-3.51,0.45,0.48,2730.0,79070.0,2043.17,2769.655,0.0002,0.0086,0.0158,0.0259,0.0408,0.0151,0.0006,0.0019,26.78,49.97,28.75
23:02:57,2145.1,125.1,6.166682,-75.420906,0.0,-0.03,-0.03,0.99,51.86,-33.69,76.17,-3.36,0.66,0.37,2720.0,79068.0,2043.38,2793.409,0.0002,0.0086,0.0158,0.025,0.039599999999999996,0.0151,0.0006,0.0019,26.76,49.97,28.75
23:03:20,2145.1,125.1,6.166682,-75.420906,0.0,-0.03,-0.03,1.0,51.56,-33.4,76.46,-3.5,0.94,0.49,2720.0,79069.0,2043.28,2816.706,0.0002,0.0086,0.0158,0.0254,0.04019999999999999,0.0151,0.0006,0.0019,26.76,49.9,28.75
23:03:44,2145.1,125.1,6.166682,-75.420906,0.0,-0.03,-0.03,0.99,50.68,-33.69,76.17,-3.57,0.99,0.66,2720.0,79073.0,2042.87,2840.622,0.0002,0.0087,0.0158,0.0254,0.04019999999999999,0.0158,0.0006,0.0019,26.76,49.9,28.75
23:04:08,2145.1,125.1,6.166682,-75.420906,0.0,-0.03,-0.03,0.99,50.98,-33.98,76.46,-3.43,0.98,0.55,2730.0,79073.0,2042.87,2864.373,0.0002,0.0087,0.016,0.025,0.039599999999999996,0.0158,0.0006,0.0019,26.78,49.84,28.75
23:04:31,2145.1,125.1,6.166682,-75.420906,0.0,-0.03,-0.03,1.0,51.27,-33.4,76.17,-3.34,0.88,0.64,2720.0,79069.0,2043.28,2887.658,0.0002,0.0086,0.016,0.0246,0.0391,0.0151,0.0006,0.0019,26.76,49.81,28.62
23:04:55,2145.1,125.1,6.166682,-75.420906,0.0,-0.03,-0.03,1.0,50.68,-33.4,75.29,-3.44,0.79,0.61,2730.0,79070.0,2043.17,2911.595,0.0002,0.008199999999999999,0.016,0.023399999999999997,0.0374,0.0129,0.0006,0.0018,26.79,49.84,28.75
23:05:19,2145.1,125.1,6.166682,-75.420906,0.0,-0.03,-0.03,0.99,50.98,-33.4,75.88,-3.54,0.86,0.4,2720.0,79075.0,2042.67,2935.326,0.0002,0.0086,0.016,0.0246,0.0391,0.0151,0.0006,0.0019,26.76,49.77,28.75
23:05:42,2145.1,125.1,6.166682,-75.420906,0.0,-0.03,-0.03,0.99,50.98,-33.4,76.46,-3.52,0.79,0.64,2720.0,79075.0,2042.67,2958.637,0.0002,0.0086,0.016,0.0242,0.0385,0.0151,0.0006,0.0019,26.79,49.78,28.75
23:06:06,2145.1,125.1,6.166682,-75.420906,0.0,-0.03,-0.02,0.99,50.98,-33.98,76.46,-3.38,0.69,0.41,2720.0,79067.0,2043.48,2982.563,0.0002,0.0086,0.0161,0.023799999999999998,0.038,0.0151,0.0006,0.0019,26.75,49.81,28.75
23:06:30,2145.1,125.1,6.166682,-75.420906,0.0,-0.03,-0.03,0.99,51.56,-33.69,76.17,-3.4,0.92,0.31,2720.0,79070.0,2043.17,3006.297,0.0002,0.0086,0.0161,0.023799999999999998,0.038,0.0151,0.0006,0.0019,26.76,49.84,28.62
23:06:53,2145.1,125.1,6.166682,-75.420906,0.0,-0.02,-0.03,1.0,51.86,-33.69,76.17,-3.55,0.7,0.41,2720.0,79072.0,2042.97,3029.594,0.0002,0.0086,0.0161,0.023799999999999998,0.038,0.0151,0.0006,0.0019,26.73,49.8,28.62
23:07:17,2145.1,125.1,6.166682,-75.420906,0.0,-0.02,-0.03,0.99,51.56,-33.69,75.88,-3.45,0.63,0.55,2720.0,79075.0,2042.67,3053.521,0.0002,0.0086,0.0163,0.023799999999999998,0.038,0.0151,0.0006,0.0019,26.75,49.77,28.75
23:07:41,2145.1,125.1,6.166682,-75.420906,0.0,-0.03,-0.03,0.99,50.98,-33.69,75.88,-3.38,0.93,0.4,2720.0,79073.0,2042.87,3077.26,0.0002,0.0088,0.0163,0.0242,0.0385,0.016399999999999998,0.0006,0.002,26.75,49.84,28.62
23:08:04,2145.1,125.1,6.166682,-75.420906,0.0,-0.03,-0.03,0.99,51.56,-34.28,75.88,-3.64,0.71,0.5,2720.0,79072.0,2042.97,3100.566,0.0002,0.0088,0.0163,0.0242,0.0385,0.016399999999999998,0.0006,0.002,26.75,49.83,28.75
23:08:28,2145.1,125.1,6.166682,-75.420906,0.0,-0.03,-0.02,1.0,51.27,-33.69,76.17,-3.46,0.74,0.47,2720.0,79065.0,2043.68,3124.495,0.0002,0.0084,0.0163,0.0226,0.0363,0.013999999999999999,0.0006,0.0018,26.72,49.87,28.62
23:08:52,2145.1,125.1,6.166682,-75.420906,0.0,-0.03,-0.03,1.0,51.27,-33.4,75.88,-3.49,1.25,0.61,2720.0,79067.0,2043.48,3148.233,0.0002,0.0087,0.0163,0.023799999999999998,0.038,0.0158,0.0006,0.0019,26.72,49.9,28.75
23:09:15,2145.1,125.1,6.166682,-75.420906,0.0,-0.03,-0.03,1.0,50.98,-33.4,75.88,-3.43,0.85,0.4,2720.0,79083.0,2041.85,3171.537,0.0002,0.0087,0.0165,0.023399999999999997,0.0374,0.0158,0.0006,0.0019,26.72,49.83,28.62
23:09:39,2145.1,125.1,6.166682,-75.420906,0.0,-0.03,-0.03,0.99,50.98,-33.98,76.46,-3.54,0.85,0.47,2720.0,79068.0,2043.38,3195.453,0.0002,0.0088,0.0165,0.023799999999999998,0.038,0.016399999999999998,0.0006,0.002,26.72,49.83,28.75
23:10:03,2145.1,125.1,6.166682,-75.420906,0.0,-0.03,-0.02,1.0,51.56,-32.81,76.46,-3.36,0.85,0.73,2730.0,79071.0,2043.07,3219.196,0.0002,0.009000000000000001,0.0165,0.0242,0.0385,0.0177,0.0006,0.002,26.73,49.87,28.87
23:10:26,2145.1,125.1,6.166682,-75.420906,0.0,-0.03,-0.03,0.99,50.98,-33.69,76.17,-3.3,0.83,0.53,2720.0,79077.0,2042.46,3242.494,0.0002,0.0091,0.0163,0.025,0.039599999999999996,0.0184,0.0007000000000000001,0.002,26.75,49.8,28.62
23:10:50,2145.1,125.1,6.166682,-75.420906,0.0,-0.02,-0.03,1.0,50.68,-33.11,76.46,-3.25,0.72,0.51,2730.0,79079.0,2042.26,3266.432,0.0002,0.0091,0.0165,0.0246,0.0391,0.0184,0.0007000000000000001,0.002,26.76,49.8,28.75
23:11:14,2145.1,125.1,6.166682,-75.420906,0.0,-0.03,-0.03,1.0,50.98,-33.98,76.76,-3.59,0.68,0.39,2720.0,79078.0,2042.36,3290.161,0.0002,0.0091,0.0165,0.0246,0.0391,0.0184,0.0007000000000000001,0.002,26.75,49.83,28.62
23:11:37,2145.1,125.1,6.166682,-75.420906,0.0,-0.03,-0.03,1.0,51.27,-33.98,75.29,-3.4,0.8,0.18,2720.0,79081.0,2042.06,3313.47,0.0002,0.009000000000000001,0.0166,0.0242,0.0385,0.0177,0.0006,0.002,26.76,49.8,28.75
23:12:01,2145.1,125.1,6.166682,-75.420906,0.0,-0.03,-0.03,0.99,50.98,-33.69,76.46,-3.54,0.71,0.24,2730.0,79079.0,2042.26,3337.384,0.0002,0.0088,0.0166,0.023,0.0369,0.016399999999999998,0.0006,0.002,26.73,49.87,28.75
23:12:25,2145.1,125.1,6.166682,-75.420906,0.0,-0.03,-0.03,1.0,50.98,-33.98,76.17,-3.41,1.06,0.43,2720.0,79074.0,2042.77,3361.129,0.0002,0.009000000000000001,0.0166,0.023799999999999998,0.038,0.0177,0.0006,0.002,26.73,49.87,28.75
23:12:48,2145.1,125.1,6.166682,-75.420906,0.0,-0.03,-0.03,0.99,51.27,-33.98,76.17,-3.69,0.63,0.38,2720.0,79077.0,2042.46,3384.424,0.0002,0.009000000000000001,0.0166,0.023399999999999997,0.0374,0.0177,0.0006,0.002,26.76,49.84,28.62
23:13:12,2145.1,125.1,6.166682,-75.420906,0.0,-0.03,-0.03,1.0,51.27,-33.69,76.46,-3.38,0.81,0.76,2730.0,79073.0,2042.87,3408.338,0.0002,0.009000000000000001,0.0166,0.023399999999999997,0.0374,0.0177,0.0006,0.002,26.73,49.83,28.87
23:13:36,2145.1,125.1,6.166682,-75.420906,0.0,-0.03,-0.03,1.0,51.27,-33.69,76.76,-3.13,0.69,0.38,2730.0,79075.0,2042.67,3432.083,0.0002,0.0089,0.0168,0.023,0.0369,0.017,0.0006,0.002,26.75,49.84,28.62
23:13:59,2145.1,125.1,6.166682,-75.420906,0.0,-0.03,-0.02,0.99,50.98,-33.98,75.59,-3.46,0.78,0.53,2720.0,79078.0,2042.36,3455.39,0.0002,0.0089,0.0168,0.023,0.0369,0.017,0.0006,0.002,26.72,49.83,28.62
23:14:23,2145.1,125.1,6.166682,-75.420906,0.0,-0.03,-0.03,0.99,51.27,-33.98,76.17,-3.37,0.96,0.3,2720.0,79078.0,2042.36,3479.303,0.0002,0.0089,0.0168,0.023,0.0369,0.017,0.0006,0.002,26.73,49.77,28.62
23:14:47,2145.1,125.1,6.166682,-75.420906,0.0,-0.02,-0.03,0.99,51.27,-34.57,76.17,-3.6,0.98,0.6,2720.0,79083.0,2041.85,3503.057,0.0002,0.0089,0.0168,0.0226,0.0363,0.017,0.0006,0.002,26.73,49.8,28.62
23:15:10,2145.1,125.1,6.166682,-75.420906,0.0,-0.03,-0.03,1.0,50.98,-33.69,76.17,-3.43,1.01,0.84,2710.0,79087.0,2041.44,3526.37,0.0002,0.0085,0.0169,0.021099999999999997,0.034300000000000004,0.0146,0.0006,0.0019,26.72,49.74,28.62
23:15:34,2145.1,125.1,6.166682,-75.420906,0.0,-0.02,-0.03,0.99,50.98,-33.98,75.88,-3.4,0.67,0.39,2710.0,79080.0,2042.16,3550.276,0.0002,0.0087,0.0169,0.021400000000000002,0.0348,0.0158,0.0006,0.0019,26.73,49.67,28.62
23:15:58,2145.1,125.1,6.166682,-75.420906,0.0,-0.03,-0.03,1.0,51.27,-33.98,76.17,-3.52,0.92,0.44,2720.0,79085.0,2041.65,3574.013,0.0002,0.0089,0.0169,0.0226,0.0363,0.017,0.0006,0.002,26.72,49.7,28.62
23:16:21,2145.1,125.1,6.166682,-75.420906,0.0,-0.03,-0.03,1.0,51.56,-33.98,75.88,-3.37,0.76,0.71,2710.0,79080.0,2042.16,3597.312,0.0002,0.0088,0.0169,0.0218,0.0353,0.016399999999999998,0.0006,0.002,26.72,49.7,28.62
23:16:45,2145.1,125.1,6.166682,-75.420906,0.0,-0.03,-0.03,0.99,50.39,-33.4,76.17,-3.36,0.74,0.99,2720.0,79093.0,2040.83,3621.232,0.0002,0.0087,0.0171,0.021400000000000002,0.0348,0.0158,0.0006,0.0019,26.72,49.74,28.62
23:17:09,2145.1,125.1,6.166682,-75.420906,0.0,-0.03,-0.03,0.99,51.56,-34.28,76.76,-3.38,0.93,0.45,2710.0,79083.0,2041.85,3644.978,0.0002,0.0087,0.0171,0.021400000000000002,0.0348,0.0158,0.0006,0.0019,26.76,49.71,28.62
23:17:32,2145.1,125.1,6.166682,-75.420906,0.0,-0.02,-0.03,0.99,51.27,-33.69,76.17,-3.5,0.76,0.43,2720.0,79078.0,2042.36,3668.278,0.0002,0.0087,0.0171,0.021099999999999997,0.034300000000000004,0.0158,0.0006,0.0019,26.71,49.7,28.62
23:17:56,2145.1,125.1,6.166682,-75.420906,0.0,-0.03,-0.03,1.0,51.27,-33.69,76.17,-3.72,0.58,0.66,2720.0,79088.0,2041.34,3692.198,0.0002,0.0087,0.0171,0.021099999999999997,0.034300000000000004,0.011899999999999999,0.0005,0.0017000000000000001,26.69,49.8,28.62
23:18:20,2145.1,125.1,6.166682,-75.420906,0.0,-0.03,-0.02,1.0,50.98,-33.69,76.76,-3.36,0.94,0.5,2710.0,79085.0,2041.65,3715.959,0.0002,0.0086,0.0171,0.0207,0.0338,0.0151,0.0006,0.0019,26.68,49.76,28.62
23:18:43,2145.1,125.1,6.166682,-75.420906,0.0,-0.03,-0.03,1.0,51.27,-33.98,75.88,-3.59,0.99,0.75,2720.0,79084.0,2041.75,3739.258,0.0002,0.0083,0.0172,0.0196,0.0323,0.0134,0.0006,0.0018,26.72,49.7,28.62
23:19:07,2145.1,125.1,6.166682,-75.420906,0.0,-0.02,-0.03,1.0,51.27,-33.4,76.17,-3.51,1.09,0.23,2720.0,79075.0,2042.67,3763.179,0.0002,0.0086,0.0172,0.0207,0.0338,0.0151,0.0006,0.0019,26.72,49.74,28.62
23:19:31,2145.1,125.1,6.166682,-75.420906,0.0,-0.03,-0.03,0.99,51.86,-33.4,75.88,-3.59,0.64,0.69,2730.0,79089.0,2041.24,3786.927,0.0002,0.0086,0.0172,0.0207,0.0338,0.0151,0.0006,0.0019,26.72,49.77,28.75
23:19:54,2145.1,125.1,6.166682,-75.420906,0.0,-0.03,-0.03,1.0,50.98,-33.11,76.17,-3.42,0.63,0.31,2720.0,79086.0,2041.55,3810.212,0.0002,0.0086,0.0172,0.0203,0.0333,0.0151,0.0006,0.0019,26.71,49.73,28.75
23:20:18,2145.1,125.1,6.166682,-75.420906,0.0,-0.02,-0.03,0.99,51.27,-33.4,76.46,-3.68,0.8,0.27,2720.0,79079.0,2042.26,3834.135,0.0002,0.0085,0.0172,0.02,0.032799999999999996,0.0146,0.0006,0.0019,26.71,49.73,28.62
23:20:42,2145.1,125.1,6.166682,-75.420906,0.0,-0.03,-0.03,1.0,50.98,-33.69,76.76,-3.36,1.01,0.48,2720.0,79090.0,2041.14,3857.883,0.0002,0.0085,0.0174,0.02,0.032799999999999996,0.0146,0.0006,0.0019,26.69,49.7,28.75
23:21:05,2145.1,125.1,6.166682,-75.420906,0.0,-0.03,-0.03,0.99,51.56,-33.4,76.46,-3.49,0.77,0.5,2720.0,79078.0,2042.36,3881.183,0.0002,0.0086,0.0174,0.02,0.032799999999999996,0.0151,0.0006,0.0019,26.73,49.64,28.75
23:21:29,2145.1,125.1,6.166682,-75.420906,0.0,-0.03,-0.03,0.99,51.27,-33.69,75.88,-3.64,0.89,0.43,2710.0,79089.0,2041.24,3905.099,0.0002,0.0086,0.0174,0.02,0.032799999999999996,0.0151,0.0006,0.0019,26.69,49.64,28.75
23:21:53,2145.1,125.1,6.166682,-75.420906,0.0,-0.03,-0.03,0.99,51.27,-33.98,75.88,-3.58,1.07,0.47,2720.0,79083.0,2041.85,3928.854,0.0002,0.0086,0.0174,0.02,0.032799999999999996,0.0151,0.0006,0.0019,26.69,49.67,28.75
23:22:16,2145.1,125.1,6.166682,-75.420906,0.0,-0.03,-0.03,0.99,51.56,-33.4,76.17,-3.39,0.63,0.46,2710.0,79079.0,2042.26,3952.138,0.0002,0.0083,0.0176,0.0189,0.0313,0.0134,0.0006,0.0018,26.68,49.67,28.62
23:22:40,2145.1,125.1,6.166682,-75.420906,0.0,-0.03,-0.03,1.0,51.27,-33.4,76.17,-3.43,0.72,0.52,2720.0,79088.0,2041.34,3976.065,0.0002,0.0086,0.0174,0.0196,0.0323,0.0151,0.0006,0.0019,26.65,49.73,28.62
23:23:04,2145.1,125.1,6.166682,-75.420906,0.0,-0.03,-0.02,0.99,50.98,-33.11,76.17,-3.65,0.94,0.55,2720.0,79087.0,2041.44,3999.818,0.0002,0.0087,0.0176,0.0203,0.0333,0.0158,0.0006,0.0019,26.68,49.76,28.62
23:23:27,2145.1,125.1,6.166682,-75.420906,0.0,-0.03,-0.03,0.99,50.98,-33.98,76.46,-3.4,0.88,0.61,2720.0,79088.0,2041.34,4023.116,0.0002,0.0086,0.0176,0.0196,0.0323,0.0151,0.0006,0.0019,26.69,49.6,28.75
23:23:51,2145.1,125.1,6.166682,-75.420906,0.0,-0.03,-0.03,0.99,51.56,-34.28,76.17,-3.61,0.75,0.17,2720.0,79097.0,2040.43,4047.03,0.0002,0.0087,0.0176,0.02,0.032799999999999996,0.0158,0.0006,0.0019,26.69,49.54,28.62
23:24:15,2145.1,125.1,6.166682,-75.420906,0.0,-0.02,-0.03,0.99,51.56,-33.69,76.46,-3.45,0.72,0.59,2720.0,79078.0,2042.36,4070.776,0.0002,0.0088,0.0176,0.02,0.032799999999999996,0.016399999999999998,0.0006,0.002,26.69,49.57,28.62
23:24:38,2145.1,125.1,6.166682,-75.420906,0.0,-0.03,-0.03,1.0,50.98,-33.69,75.88,-3.28,0.71,0.49,2710.0,79088.0,2041.34,4094.072,0.0002,0.009000000000000001,0.0176,0.0207,0.0338,0.0177,0.0006,0.002,26.71,49.67,28.62
23:25:02,2145.1,125.1,6.166682,-75.420906,0.0,-0.03,-0.03,0.99,50.98,-33.69,76.17,-3.35,0.68,0.4,2710.0,79088.0,2041.34,4117.992,0.0002,0.009000000000000001,0.0176,0.0207,0.0338,0.0177,0.0006,0.002,26.72,49.64,28.75
23:25:26,2145.1,125.1,6.166682,-75.420906,0.0,-0.03,-0.03,0.99,50.68,-33.98,75.59,-3.38,1.08,0.5,2720.0,79090.0,2041.14,4141.739,0.0002,0.0089,0.0176,0.0207,0.0338,0.017,0.0006,0.002,26.69,49.54,28.62
23:25:49,2145.1,125.1,6.166682,-75.420906,0.0,-0.03,-0.03,0.99,51.27,-33.4,76.46,-3.63,0.59,0.78,2720.0,79093.0,2040.83,4165.039,0.0002,0.0088,0.0177,0.0196,0.0323,0.016399999999999998,0.0006,0.002,26.72,49.51,28.62
23:26:13,2145.1,125.1,6.166682,-75.420906,0.0,-0.03,-0.03,0.98,51.27,-33.98,76.17,-3.41,0.93,0.42,2720.0,79083.0,2041.85,4188.968,0.0002,0.0089,0.0177,0.0203,0.0333,0.017,0.0006,0.002,26.71,49.57,28.75
23:26:37,2145.1,125.1,6.166682,-75.420906,0.0,-0.03,-0.03,0.99,51.27,-33.98,75.88,-3.41,0.85,0.82,2710.0,79079.0,2042.26,4212.709,0.0002,0.0089,0.0177,0.0203,0.0333,0.017,0.0006,0.002,26.69,49.57,28.62
23:27:00,2145.1,125.1,6.166682,-75.420906,0.0,-0.03,-0.03,1.0,51.27,-33.4,75.88,-3.27,0.65,0.89,2710.0,79088.0,2041.34,4236.011,0.0002,0.0089,0.0177,0.02,0.032799999999999996,0.017,0.0006,0.002,26.68,49.6,28.62
23:27:24,2145.1,125.1,6.166682,-75.420906,0.0,-0.03,-0.03,0.99,51.56,-33.69,76.46,-3.46,0.74,0.72,2720.0,79091.0,2041.04,4259.932,0.0002,0.0089,0.0177,0.02,0.032799999999999996,0.017,0.0006,0.002,26.68,49.64,28.62
23:27:48,2145.1,125.1,6.166682,-75.420906,0.0,-0.03,-0.03,0.99,51.27,-33.69,76.17,-3.56,0.56,0.63,2720.0,79097.0,2040.43,4283.669,0.0002,0.0089,0.0179,0.02,0.032799999999999996,0.017,0.0006,0.002,26.69,49.64,28.62
23:28:11,2145.1,125.1,6.166682,-75.420906,0.0,-0.02,-0.03,1.0,50.98,-34.28,75.88,-3.51,0.82,0.58,2720.0,79092.0,2040.94,4306.977,0.0002,0.0089,0.0179,0.0196,0.0323,0.017,0.0006,0.002,26.72,49.64,28.62
23:28:35,2145.1,125.1,6.166682,-75.420906,0.0,-0.02,-0.04,0.98,51.27,-33.69,75.88,-3.54,0.79,0.68,2710.0,79088.0,2041.34,4330.891,0.0002,0.0088,0.0179,0.0196,0.0323,0.016399999999999998,0.0006,0.002,26.69,49.57,28.62
23:28:59,2145.1,125.1,6.166682,-75.420906,0.0,-0.02,-0.03,0.99,51.27,-33.98,76.17,-3.55,0.71,0.51,2730.0,79091.0,2041.04,4354.632,0.0002,0.0085,0.018000000000000002,0.0183,0.0304,0.0146,0.0006,0.0019,26.69,49.64,28.87
23:29:22,2145.1,125.1,6.166682,-75.420906,0.0,-0.03,-0.03,0.99,51.27,-33.69,76.46,-3.41,0.77,0.31,2710.0,79093.0,2040.83,4377.936,0.0002,0.0088,0.0179,0.0189,0.0313,0.016399999999999998,0.0006,0.002,26.68,49.63,28.62
23:29:46,2145.1,125.1,6.166682,-75.420906,0.0,-0.01,0.05,0.98,50.39,-33.4,77.64,37.56,3.91,0.93,2710.0,79095.0,2040.63,4401.842,0.0002,0.009000000000000001,0.0179,0.0196,0.0323,0.0177,0.0006,0.002,26.69,49.6,28.75
23:30:10,2145.1,125.1,6.166682,-75.420906,0.0,-0.02,-0.03,1.0,50.68,-33.98,76.76,-3.5,0.67,0.49,2720.0,79078.0,2042.36,4425.604,0.0002,0.009000000000000001,0.0179,0.02,0.032799999999999996,0.0177,0.0006,0.002,26.69,49.63,28.75
23:30:33,2145.1,125.1,6.166682,-75.420906,0.0,-0.03,-0.03,0.99,50.98,-33.4,76.17,-3.59,0.82,0.82,2720.0,79092.0,2040.94,4448.91,0.0002,0.009000000000000001,0.0179,0.0196,0.0323,0.0177,0.0006,0.002,26.69,49.64,28.75
23:30:57,2145.1,125.1,6.166682,-75.420906,0.0,-0.03,-0.03,1.0,51.56,-33.4,76.17,-3.46,1.03,0.39,2730.0,79091.0,2041.04,4472.825,0.0002,0.009000000000000001,0.0179,0.02,0.032799999999999996,0.0177,0.0006,0.002,26.73,49.54,28.87
23:31:21,2145.1,125.1,6.166682,-75.420906,0.0,-0.02,-0.03,0.99,51.56,-33.98,76.17,-3.62,0.99,0.59,2730.0,79092.0,2040.94,4496.566,0.0002,0.0091,0.0179,0.02,0.032799999999999996,0.0184,0.0007000000000000001,0.002,26.73,49.48,28.75
